title,year,genre,rating,vote_count,audience,director,cast,overview
KKN di Desa Penari,2022,Horor,6.1,1200,10061033,Awi Suryadi,"Tissa Biani, Adinda Thomas, Achmad Megantara",Enam mahasiswa melaksanakan KKN di desa terpencil dan menghadapi teror mistis penari gaib.
Agak Laen,2024,Komedi,7.4,850,9125188,Muhadkly Acho,"Bene Dion, Boris Bokir, Indra Jegel, Oki Rengga",Empat penjaga rumah hantu di pasar malam berusaha menyembunyikan kematian tak disengaja seorang pengunjung.
Warkop DKI Reborn: Jangkrik Boss! Part 1,2016,Komedi,6.9,1300,6858616,Anggy Umbara,"Abimana Aryasatya, Vino G. Bastian, Tora Sudiro",Tiga petugas CHIPS ceroboh berusaha melunasi ganti rugi miliaran rupiah akibat ulah konyol mereka.
Pengabdi Setan 2: Communion,2022,Horor,6.8,1100,6391982,Joko Anwar,"Tara Basro, Endy Arfian, Bront Palarae",Keluarga Rini pindah ke rumah susun di Jakarta dan menghadapi misteri sekte terlarang saat badai melanda.
Dilan 1990,2018,Romantis,7.2,1600,6315664,Fajar Bustomi,"Iqbaal Ramadhan, Vanesha Prescilla","Milea murid pindahan didekati oleh Dilan, siswa SMA unik anggota geng motor di Bandung tahun 1990."
Miracle in Cell No. 7,2022,Drama,7.6,950,5852916,Hanung Bramantyo,"Vino G. Bastian, Graciella Abigail, Indro Warkop",Seorang ayah dengan keterbelakangan mental dituduh melakukan kejahatan dan dibantu narapidana lain bertemu putrinya.
Vina: Sebelum 7 Hari,2024,Horor,5.8,620,5815492,Anggy Umbara,"Nayla D. Purnama, Lydia Kandou",Kisah nyata tragis kematian Vina yang diungkap melalui arwah yang merasuki sahabatnya.
Dilan 1991,2019,Romantis,6.6,1100,5253411,Fajar Bustomi,"Iqbaal Ramadhan, Vanesha Prescilla",Kisah cinta Dilan dan Milea diuji oleh keterlibatan Dilan dalam pertarungan geng motor di Bandung.
Sewu Dino,2023,Horor,6.3,720,4886406,Kimo Stamboel,"Mikha Tambayong, Givina Lukita, Agla Artalidia",Seorang gadis desa menerima pekerjaan merawat korban santet kutukan 1000 hari dengan bayaran besar.
Kang Mak,2024,Komedi,7.0,500,4800000,Herwin Novianto,"Vino G. Bastian, Marsha Timothy, Indro Warkop",Seorang tentara kembali dari medan perang tanpa menyadari istrinya yang setia telah menjadi arwah penasaran.
Ipar Adalah Maut,2024,Drama,7.1,650,4770000,Hanung Bramantyo,"Deva Mahenra, Michelle Ziudith, Davina Karamoy",Kisah perselingkuhan dalam rumah tangga ketika adik ipar tinggal bersama di rumah pasangan suami istri.
Laskar Pelangi,2008,Drama,7.9,2100,4719453,Riri Riza,"Cut Mini, Ikranagara, Slamet Rahardjo",Perjuangan sepuluh anak di Belitung bersekolah di tengah keterbatasan fasilitas dan kemiskinan.
Habibie & Ainun,2012,Drama,7.6,1500,4583641,Faozan Rizal,"Reza Rahadian, Bunga Citra Lestari",Kisah cinta sejati dan pengabdian B.J. Habibie dan Hasri Ainun Besari membangun masa depan bangsa.
Pengabdi Setan,2017,Horor,6.7,1800,4206103,Joko Anwar,"Tara Basro, Bront Palarae, Ayu Laksmi","Setelah sang ibu meninggal akibat sakit bertahun-tahun, teror gaib menghantui keluarga di rumah tua mereka."
Warkop DKI Reborn: Jangkrik Boss! Part 2,2017,Komedi,6.1,800,4083190,Anggy Umbara,"Abimana Aryasatya, Vino G. Bastian, Tora Sudiro","Kelanjutan petualangan Dono, Kasino, dan Indro memburu harta karun di Malaysia untuk melunasi utang."
Siksa Kubur,2024,Horor,6.9,810,4000000,Joko Anwar,"Faradina Mufti, Reza Rahadian, Christine Hakim",Seorang wanita yang tidak percaya agama berniat membuktikan siksa kubur dengan ikut masuk ke liang lahad.
Badarawuhi di Desa Penari,2024,Horor,6.0,750,4015120,Kimo Stamboel,"Aghniny Haque, Maudy Effrosina, Jourdy Pranata",Prekuel mengungkap asal-usul teror kutukan siluman ular Badarawuhi di desa penari.
Ayat-Ayat Cinta,2008,Religi,7.0,1400,3676135,Hanung Bramantyo,"Fedi Nuril, Rianti Cartwright, Carissa Perusset","Kisah mahasiswa Indonesia di Al-Azhar Kairo yang diuji oleh cinta, fitnah, dan keyakinan spiritual."
Ada Apa dengan Cinta? 2,2016,Romantis,7.3,1200,3665509,Riri Riza,"Dian Sastrowardoyo, Nicholas Saputra","Setelah ratusan purnama berpisah, Cinta dan Rangga bertemu kembali di Yogyakarta."
Suzzanna: Bernapas dalam Kubur,2018,Horor,6.2,950,3346185,Rocky Soraya,"Luna Maya, Herjunot Ali, Clift Sangra",Kisah arwah Suzzanna yang hamil dan menuntut balas dendam kepada para perampok pembunuhnya.
Milea: Suara dari Dilan,2020,Romantis,6.4,750,3157814,Fajar Bustomi,"Iqbaal Ramadhan, Vanesha Prescilla",Sudut pandang Dilan menceritakan kembali kenangan kisah kasihnya bersama Milea hingga perpisahan.
Air Mata di Ujung Sajadah,2023,Drama,6.9,450,3127671,Key Mangunsong,"Titi Kamal, Fedi Nuril, Citra Kirana",Perjuangan batin seorang ibu kandung yang ingin merebut kembali anaknya dari keluarga yang mengadopsinya.
Ketika Cinta Bertasbih,2009,Religi,7.0,850,3100906,Chaerul Umam,"Kholidi Asadil Alam, Oki Setiana Dewi",Perjuangan Azzam menuntut ilmu di Kairo sambil bekerja membanting tulang demi membiayai keluarganya di tanah air.
My Stupid Boss,2016,Komedi,6.8,1200,3052657,Upi Avianto,"Reza Rahadian, Bunga Citra Lestari, Alex Abbad",Diana menghadapi bos ajaib dan menyebalkan berdarah Indonesia yang menjalankan kantor di Kuala Lumpur.
Danur: I Can See Ghosts,2017,Horor,5.7,850,2736306,Awi Suryadi,"Prilly Latuconsina, Shareefa Daanish",Gadis indigo yang memiliki tiga teman hantu cilik berhadapan dengan arwah jahat yang mengancam adiknya.
Ada Apa dengan Cinta?,2002,Romantis,7.7,2800,2700000,Rudy Soedjarwo,"Dian Sastrowardoyo, Nicholas Saputra, Ladya Cheryl","Kisah cinta SMA populer Cinta dan Rangga, pemuda penyendiri pencinta puisi di Jakarta awal 2000-an."
Cek Toko Sebelah,2016,Komedi,7.8,1700,2642957,Ernest Prakasa,"Ernest Prakasa, Dion Wiyoko, Chew Kin Wah",Erwin dihadapkan pada dilema karier cemerlangnya atau mengurus toko kelontong warisan ayahnya yang sakit.
Eiffel... I'm in Love,2003,Romantis,6.8,1100,2632300,Nasri Cheppy,"Samuel Rizal, Shandy Aulia","Kisah cinta remaja Tita yang manja dijodohkan dengan Adit, pemuda kaku putra teman ayahnya dari Prancis."
Hangout,2016,Komedi,6.5,780,2620544,Raditya Dika,"Raditya Dika, Prilly Latuconsina, Soleh Solihun",Sembilan publik figur diundang ke pulau terpencil dan diteror pembunuhan berantai misterius.
Danur 2: Maddah,2018,Horor,5.8,700,2572871,Awi Suryadi,"Prilly Latuconsina, Sophia Latjuba, Bucek Depp",Risa mengunjungi rumah pamannya di Bandung dan merasakan kejanggalan akibat gangguan hantu wanita Belanda.
Sekawan Limo,2024,Komedi,7.1,430,2500000,Bayu Skak,"Bayu Skak, Nadya Arina, Keisya Levronka",Lima pemuda tersesat di Gunung Madyopuro karena melanggar mitos larangan menoleh ke belakang.
Petualangan Sherina 2,2023,Musikal,7.4,850,2414504,Riri Riza,"Sherina Munaf, Derby Romero, Isyana Sarasvati",Sherina dan Sadam bernostalgia di hutan Kalimantan sembari mengungkap kejahatan perburuan orangutan.
Danur 3: Sunyaruri,2019,Horor,5.6,550,2411036,Awi Suryadi,"Prilly Latuconsina, Rizky Nazar, Syifa Hadju","Risa berniat menutup mata batinnya demi hidup normal bersama kekasihnya, memicu kemarahan roh jahat."
Mencuri Raden Saleh,2022,Action,7.4,1600,2350000,Angga Dwimas Sasongko,"Iqbaal Ramadhan, Angga Yunanda, Aghniny Haque",Sekelompok mahasiswa berencana mencuri lukisan legendaris Raden Saleh di Istana Kepresidenan demi uang.
Dua Garis Biru,2019,Drama,7.8,1400,2538473,Gina S. Noer,"Angga Yunanda, Adhisty Zara, Cut Mini",Dua siswa SMA harus mempertanggungjawabkan kehamilan di luar nikah dan menghadapi stigma keluarga serta masa depan.
Nanti Kita Cerita tentang Hari Ini (NKCTHI),2020,Drama,7.5,1300,2256908,Angga Dwimas Sasongko,"Rachel Amanda, Rio Dewanto, Sheila Dara Aisha",Setiap keluarga punya rahasia; konflik tiga bersaudara memuncak mengungkap trauma masa lalu keluarga mereka.
Suzzanna: Malam Jumat Kliwon,2023,Horor,6.1,500,2189363,Guntur Soeharjanto,"Luna Maya, Achmad Megantara, Tio Pakusadewo",Kisah wanita hamil yang dijadikan tumbal santet dan kembali sebagai sundel bolong menuntut keadilan.
Susah Sinyal,2017,Komedi,6.9,900,2172515,Ernest Prakasa,"Adinia Wirasti, Aurora Ribero, Ernest Prakasa",Hubungan ibu pengacara sukses dan putrinya yang renggang berusaha diperbaiki saat berlibur di Sumba.
Kutukan Sembilan Setan,2023,Horor,5.2,300,1660000,Arie Azis,"Fandy Christian, Denira Wiraguna",Lima sahabat berlibur di villa kuno kaki Gunung Bromo dan diteror sembilan arwah penasaran bangsa Belanda.
The Raid: Redemption,2011,Action,7.6,3200,1844817,Gareth Evans,"Iko Uwais, Joe Taslim, Yayan Ruhian",Tim pasukan khusus terjebak di gedung apartemen 30 lantai milik gembong narkoba kejam dan pasukannya.
Impetigore (Perempuan Tanah Jahanam),2019,Horor,6.7,1450,1795068,Joko Anwar,"Tara Basro, Marissa Anita, Christine Hakim",Dua sahabat pergi ke desa asal mencari warisan misterius tanpa mengetahui kutukan mengerikan di desa itu.
Si Doel The Movie,2018,Drama,6.8,600,1757653,Rano Karno,"Rano Karno, Cornelia Agatha, Maudy Koesnaedi",Doel berangkat ke Belanda atas ajakan Mandra dan diam-diam mencari kejelasan hubungan dengan Sarah.
Qodrat,2022,Horor,7.0,800,1751637,Charles Gozali,"Vino G. Bastian, Marsha Timothy, Randy Pangalila",Seorang ustadz ahli ruqyah kembali ke desa asalnya untuk melawan iblis Assuala yang merasuki anak-anak.
Kuntilanak 2,2019,Horor,5.4,320,1726579,Rizal Mantovani,"Sandrinna Michelle, Andryan Bima, Karina Suwandi",Dinda dan saudara-saudaranya mengunjungi rumah misterius wanita yang mengaku sebagai ibu kandungnya.
Tenggelamnya Kapal Van der Wijck,2013,Drama,7.6,1800,1724110,Sunil Soraya,"Herjunot Ali, Pevita Pearce, Reza Rahadian",Tragedi cinta Zainuddin dan Hayati yang terhalang adat Minangkabau berujung pada bencana pelayaran kapal legendaris.
Keluarga Cemara,2019,Drama,7.7,1100,1701498,Yandy Laurens,"Ringgo Agus Rahman, Nirina Zubir, Zara Adhisty",Keluarga mapan di Jakarta jatuh bangkrut dan harus bertahan hidup di pelosok desa di Jawa Barat.
Gundala,2019,Action,6.2,1900,1699433,Joko Anwar,"Abimana Aryasatya, Tara Basro, Bront Palarae",Sancaka yang memiliki kekuatan petir terdorong menjadi pahlawan melawan ketidakadilan dan kejahatan di kota.
Surga yang Tak Dirindukan 2,2017,Religi,6.7,750,1637459,Hanung Bramantyo,"Fedi Nuril, Laudya Cynthia Bella, Raline Shah, Reza Rahadian",Pertemuan kembali di Budapest membuka lembaran pengorbanan cinta dan keikhlasan demi kebahagiaan bersama.
Petualangan Sherina,2000,Musikal,7.8,2400,1600000,Riri Riza,"Sherina Munaf, Derby Romero, Didi Petet",Sherina pindah sekolah ke Bandung dan terlibat petualangan diculik komplotan penjahat bersama teman sekelasnya Sadam.
Gampang Cuan,2023,Komedi,7.3,550,1570000,Rahabi Mandra,"Vino G. Bastian, Anya Geraldine, Alzi Markers",Tiga bersaudara perantau pontang-panting melunasi utang keluarga ratusan juta dengan berbagai trik finansial.
Milly & Mamet,2018,Komedi,7.2,950,1563188,Ernest Prakasa,"Sissy Prescillia, Dennis Adhiswara, Julie Estelle",Mamet yang gemar memasak harus mengorbankan impiannya menjadi koki demi bekerja di pabrik milik mertua.
Surga yang Tak Dirindukan,2015,Religi,6.9,900,1523798,Kuntz Agus,"Fedi Nuril, Laudya Cynthia Bella, Raline Shah",Kehidupan rumah tangga harmonis Pras dan Arini goyah ketika Pras terpaksa menikahi wanita lain yang putus asa.
Jumbo,2025,Animasi,7.2,300,1500000,Ryan Adriandhy,"Prince Poetiray, Ariyo Wahab",Petualangan anak laki-laki yang berteman dengan makhluk ajaib dan belajar tentang keberanian serta persahabatan.
The Night Comes for Us,2018,Action,6.9,2100,1500000,Timo Tjahjanto,"Joe Taslim, Iko Uwais, Julie Estelle",Seorang mantan eksekutor Triad berbalik melawan organisasi kriminalnya demi menyelamatkan seorang anak yatim piatu.
Di Bawah Lindungan Ka'bah,2011,Drama,6.6,600,1400000,Hanny R. Saputra,"Herjunot Ali, Laudya Cynthia Bella",Cinta pemuda miskin Hamid dan putri bangsawan Zainab yang diuji oleh jurang status sosial di Minangkabau 1920-an.
Ketika Berhenti di Sini,2023,Drama,7.1,510,1525333,Umar Jamal,"Prilly Latuconsina, Refal Hady, Bryan Domani",Perjalanan seorang perempuan mengatasi rasa bersalah dan duka mendalam setelah kehilangan kekasihnya dalam kecelakaan.
Bumi Manusia,2019,Drama,6.9,1100,1316583,Hanung Bramantyo,"Iqbaal Ramadhan, Mawar de Jongh, Sha Ine Febriyanti","Cinta Minke, pribumi revolusioner, dengan Annelies Mellema putri Indo di era kolonial Hindia Belanda."
Jelangkung,2001,Horor,6.6,1200,1300000,Rizal Mantovani & Jose Poernomo,"Winky Wiryawan, Melanie Ariyanto, Ronny Dozer",Empat sekawan pencari tempat angker memainkan ritual jelangkung di desa misterius Angkerbatu.
The Raid 2: Berandal,2014,Action,7.9,2900,1200000,Gareth Evans,"Iko Uwais, Arifin Putra, Julie Estelle",Rama menyamar ke dalam sindikat mafia Jakarta untuk membersihkan kepolisian yang korup dan melindungi keluarganya.
Sang Pencerah,2010,Religi,7.2,700,1108620,Hanung Bramantyo,"Lukman Sardi, Zaskia Adya Mecca, Slamet Rahardjo",Kisah perjuangan Ahmad Dahlan mendirikan organisasi Muhammadiyah di tengah penolakan tradisi kuno.
Pocong 2,2006,Horor,5.5,500,1050000,Monty Tiwa,"Revalina S. Temat, Ringgo Agus Rahman",Dua bersaudara menyewa apartemen murah tanpa mengetahui sejarah kelam bunuh diri dan kutukan pocong di dalamnya.
Sabrina,2018,Horor,5.3,600,1337510,Rocky Soraya,"Luna Maya, Christian Sugiono, Sara Wijayanto",Boneka Sabrina dirasuki iblis jahat setelah anak angkat keluarga memanggil arwah ibunya.
Kuntilanak,2006,Horor,6.2,900,1200000,Rizal Mantovani,"Julie Estelle, Evan Sanders, Ratu Felisha",Seorang mahasiswi tinggal di rumah kos berhantu pohon beringin dan tanpa sengaja mewarisi kemampuan memanggil kuntilanak.
Kuntilanak,2018,Horor,5.5,450,1236000,Rizal Mantovani,"Sandrinna Michelle, Aurelie Moeremans",Lima anak panti asuhan berniat membuktikan keberadaan kuntilanak di rumah tua terbengkalai demi sayembara.
Asih,2018,Horor,5.6,500,1714798,Awi Suryadi,"Shareefa Daanish, Citra Kirana, Darius Sinathrya",Kisah hantu Asih yang bunuh diri setelah membunuh bayinya sendiri dan kembali meneror keluarga baru.
Asih 2,2020,Horor,5.7,400,334000,Rizal Mantovani,"Marsha Timothy, Ario Bayu, Shareefa Daanish",Seorang dokter merawat anak misterius korban kecelakaan yang ternyata diasuh oleh arwah gentayangan Asih.
Makmum,2019,Horor,5.7,430,825000,Hadrah Daeng Ratu,"Titi Kamal, Ali Syakieb, Tissa Biani",Teror sosok gaib yang kerap mengikuti dan mengucapkan takbir saat para santriwati sedang salat malam di asrama.
Makmum 2,2021,Horor,5.9,410,1764372,Guntur Soeharjanto,"Titi Kamal, Samuel Rizal, Marcella Zalianty",Rini kembali ke desa kelahirannya untuk melayat dan menghadapi kembali gangguan makhluk makmum yang mengancam anaknya.
Keramat,2009,Horor,7.0,1100,600000,Monty Tiwa,"Poppy Sovia, Migi Parahita, Sadha Triyudha",Rombongan kru film asal Jakarta mengalami kejadian mistis di Bantul ketika pemeran utamanya dirasuki arwah leluhur.
Keramat 2: Carban Senyolo,2022,Horor,6.8,650,917000,Monty Tiwa,"Umar Sailan, Arla Ailani, Ajil Ditto",Sekelompok anak muda membuat video dokumenter dan konten horor di Cirebon yang berujung pada teror dimensi gaib.
Waktu Maghrib,2023,Horor,6.1,620,2409000,Sidharta Tata,"Ali Fikry, Bima Sena, Nafiza Fatia Rani",Kutukan sumpah serapah dua anak sekolah saat maghrib memicu kematian guru dan teror mematikan di seluruh desa.
Di Ambang Kematian,2023,Horor,6.4,700,3302000,Azhar Kinoi Lubis,"Taskya Namya, Wafda Saifan, Teuku Rifnu Wikana",Sebuah keluarga membayar tumbal pesugihan kambing hitam di mana setiap sepuluh tahun satu anggota keluarga mati tragis.
Pamali,2022,Horor,5.6,350,880000,Bobby Prasetyo,"Marthino Lio, Putri Marino, Taskya Namya",Pasangan suami istri melanggar adat pamali di kampung halaman dan memicu amarah makhluk penunggu rumah tua.
Sijjin,2023,Horor,5.8,400,1930000,Hadrah Daeng Ratu,"Ibrahim Risyad, Niken Anjani, Anggika Bölsterli",Seorang wanita menggunakan sihir santet hitam terlarang untuk merebut suami sepupunya yang berakhir malapetaka.
Khanzab,2023,Horor,5.5,380,1166000,Anggy Umbara,"Tika Bravani, Yasamin Jasem, Rizky Hanggono",Trauma masa lalu pembantaian dukun santet Banyuwangi membayangi gadis remaja yang kerap diganggu setan saat beribadah.
Pocong: The Origin,2019,Horor,5.4,320,800000,Monty Tiwa,"Samuel Rizal, Nadya Arina, Surya Saputra",Anak perempuan terpidana mati pembunuh berdarah dingin harus mengantarkan jenazah ayahnya dimakamkan di kampung asal.
Kafir: Bersekutu dengan Setan,2018,Horor,6.5,850,733000,Azhar Kinoi Lubis,"Putri Ayudya, Sujiwo Tejo, Indah Permatasari","Keluarga bahagia hancur seketika saat sang ayah muntah beling dan meninggal misterius, memicu penyelidikan teror santet."
Malam Pencabut Nyawa,2024,Horor,6.1,350,870000,Sidharta Tata,"Devano Danendra, Keisya Levronka, Mikha Hernan",Remaja penderita insomnia masuk ke alam mimpi buruk dan berhadapan dengan sosok pencabut nyawa misterius.
Lembayung,2024,Horor,6.8,490,1650000,Baim Wong,"Taskya Namya, Yasamin Jasem, Arya Saloka",Dua mahasiswi keperawatan magang di klinik gigi terbengkalai dan mengungkap rahasia kelam pasien poli gigi.
Panggonan Wingit,2023,Horor,5.9,460,1800000,Guntur Soeharjanto,"Luna Maya, Christian Sugiono, Bianca Hello",Dua bersaudara mewarisi hotel tua di Semarang dan membuka kamar tanpa nomor yang dihuni sosok wanita berambut putih.
Si Juki The Movie: Panitia Hari Akhir,2017,Animasi,6.6,500,642398,Faza Meonk,"Faza Meonk, Bunga Citra Lestari, Indro Warkop",Si Juki dan tim ilmuwan berusaha menghentikan meteor raksasa yang mengancam menghancurkan Indonesia.
Nussa,2021,Animasi,7.3,720,443498,Bony Wirasmono,"Muzakki Ramdhan, Ocean Fajar, M. Adhiyat",Nussa berusaha mempertahankan juara kompetisi sains sekolah ketika murid baru Jonni datang dengan roket canggih.
Battle of Surabaya,2015,Animasi,6.9,800,120000,Aryanto Yuniawan,"Reza Rahadian, Maudy Ayunda","Musa, tukang semir sepatu, menjadi kurir surat rahasia dalam perjuangan pertempuran Surabaya 10 November 1945."
Si Juki The Movie: Harta Pulau Monyet,2024,Animasi,6.7,280,310000,Faza Meonk,"Faza Meonk, Indro Warkop, Jaja Mihardja",Petualangan seru Si Juki bersama kawan-kawannya mencari pulau rahasia berharta karun peninggalan leluhur.
Kiko in the Deep Sea,2023,Animasi,6.0,150,55000,Herlina Hernawan,"Anastasia Amelia, Arbani Yasiz",Kiko dan kawan-kawan berpetualang ke laut dalam menyelamatkan kerajaan bawah laut yang tercemar.
Titus: Mystery of the Enygma,2020,Animasi,5.8,110,40000,Dendi Reynando,"Robby Purba, Ranty Maria, Lukman Sardi",Detektif tikus cilik memecahkan teka-teki energi misterius enygma demi menyelamatkan kota dari ancaman penjahat.
Riki Rhino,2020,Animasi,6.1,140,85000,Erwin Budiono,"Hamish Daud, Ge Pamungkas, Zack Lee",Seekor badak sumatera kehilangan culanya yang dicuri pemburu liar dan bertualang mencari kembali kekuatannya.
Knight Kris,2017,Animasi,6.0,220,110000,William Fajito & Antonius,"Chika Jessica, Kaesang Pangarep, Deddy Corbuzier",Bocah desa menemukan keris sakti peninggalan kerajaan kuno yang mampu mengubahnya menjadi kesatria pelindung.
The Shadow Strays,2024,Action,6.7,1400,2500000,Timo Tjahjanto,"Aurora Ribero, Hana Malasan, Taskya Namya",Seorang pembunuh bayaran muda memberontak demi menyelamatkan seorang anak laki-laki dari sindikat kriminal kejam.
Headshot,2016,Action,6.3,1300,732983,Kimo Stamboel & Timo Tjahjanto,"Iko Uwais, Chelsea Islan, Sunny Pang",Pria amnesia terbangun dan harus berhadapan dengan masa lalunya yang kelam bersama bos sindikat kriminal.
Hit & Run,2019,Action,6.4,600,450000,Ody C. Harahap,"Joe Taslim, Tatjana Saphira, Jefri Nichol",Polisi selebriti yang narsis harus bekerja sama dengan penipu dan rekannya demi menangkap gembong narkoba.
Merantau,2009,Action,7.1,1600,650000,Gareth Evans,"Iko Uwais, Sisca Jessica, Christine Hakim",Pemuda Minang yang sedang menjalani tradisi merantau terpaksa menggunakan seni bela diri silat harimau menyelamatkan gadis korban human trafficking.
Sri Asih,2022,Action,6.4,1100,770000,Sartri Dania Sulfiati (Upi),"Pevita Pearce, Reza Rahadian, Jefri Nichol",Alana yang kerap dikuasai amarah menyadari takdirnya sebagai titisan Dewi Asih pembela kebenaran.
Satria Dewa: Gatotkaca,2022,Action,5.3,600,180000,Hanung Bramantyo,"Rizky Nazar, Yasmin Napper, Omar Daniel",Yuda menemukan fakta bahwa dirinya keturunan kesatria Gatotkaca yang bertugas menumpas kebangkitan Korawa.
212 Warrior (Wiro Sableng),2018,Action,6.6,1200,1552014,Anggy Umbara,"Vino G. Bastian, Sherina Munaf, Fariz Alfarizi",Pendekar kapak maut naga geni 212 diutus gurunya Sinto Gendeng menumpas murid murtad Mahesa Birawa.
Foxtrot Six,2019,Action,5.9,800,220000,Randy Korompis,"Oka Antara, Verdi Solaiman, Chicco Jerikho",Mantan anggota marinir elite memberontak melawan rezim oligarki kejam yang memonopoli pangan masa depan di Indonesia.
Preman,2021,Action,6.8,420,120000,Randolph Zaini,"Khiva Iskak, Muzakki Ramdhan, Kiki Narendra",Seorang preman tunarungu berusaha melindungi anaknya dari kejaran sindikat kriminal setelah menyaksikan pembunuhan.
Ben & Jody,2022,Action,6.3,480,210000,Angga Dwimas Sasongko,"Chicco Jerikho, Rio Dewanto, Aghniny Haque",Ben dan Jody melawan komplotan pembalak liar demi membela hak tanah petani di pedalaman.
13 Bom di Jakarta,2023,Action,6.8,820,1030000,Angga Dwimas Sasongko,"Chicco Kurniawan, Ardhito Pramono, Lutesha",Badan intelijen berpacu dengan waktu melacak sel teroris kripto yang mengancam meledakkan 13 bom di penjuru ibu kota.
Comic 8,2014,Komedi,6.9,900,1624067,Anggy Umbara,"Mongol Stres, Mudy Taylor, Ernest Prakasa",Delapan komika amatir dengan motif berbeda-beda tanpa sengaja merampok bank yang sama di waktu bersamaan.
Comic 8: Casino Kings Part 1,2015,Komedi,6.5,600,1211820,Anggy Umbara,"Babe Cabita, Ernest Prakasa, Sophia Latjuba",Kelanjutan aksi delapan agen rahasia memburu gembong judi kasino internasional milik The King.
Comic 8: Casino Kings Part 2,2016,Komedi,6.6,700,1835644,Anggy Umbara,"Babe Cabita, Indro Warkop, Prisia Nasution",Pertarungan pamungkas di pulau kasino mengungkap intrik tersembunyi para pemburu bayaran.
Yowis Ben,2018,Komedi,7.0,850,935622,Fajar Nugros & Bayu Skak,"Bayu Skak, Brandon Salim, Cut Meyriska",Bayu membentuk grup musik rock berbahasa Jawa bersama teman-temannya di Malang demi memikat gadis pujaannya.
Yowis Ben 2,2019,Komedi,6.9,650,1031856,Fajar Nugros & Bayu Skak,"Bayu Skak, Joshua Suherman, Anya Geraldine",Ketenaran Yowis Ben diuji saat mereka pindah ke Bandung dan menghadapi manajer yang tidak bertanggung jawab.
Yowis Ben 3,2021,Komedi,6.8,450,418000,Fajar Nugros & Bayu Skak,"Bayu Skak, Joshua Suherman, Brandon Salim",Puncak perjalanan band Yowis Ben di tengah dilema masa depan masing-masing personel dan asmara.
Orang Kaya Baru,2019,Komedi,6.7,900,1118738,Ody C. Harahap,"Raline Shah, Refal Hady, Cut Mini, Lukman Sardi",Keluarga sederhana mendadak tajir melintir setelah sang ayah wafat dan mewariskan kekayaan ratusan miliar rupiah.
Ghost Writer,2019,Komedi,6.6,750,1116676,Bene Dion Rajagukguk,"Tatjana Saphira, Ge Pamungkas, Deva Mahenra",Penulis novel yang sepi inspirasi menemukan buku harian hantu penasaran di rumah sewaannya dan menjadikannya cerita laris.
Ghost Writer 2,2022,Komedi,6.3,420,530000,Muhadkly Acho,"Tatjana Saphira, Deva Mahenra, Endy Arfian",Naya berusaha melepaskan citra novel horornya namun kembali dihantui arwah tunangannya yang baru saja meninggal.
Gara-Gara Warisan,2022,Komedi,7.2,550,574000,Muhadkly Acho,"Oka Antara, Indah Permatasari, Ge Pamungkas",Tiga bersaudara bersaing membuktikan kelayakan mengelola wisma keluarga demi mendapatkan hak warisan sang ayah.
Srimulat: Hil yang Mustahal - Babak Pertama,2022,Komedi,7.5,720,250000,Fajar Nugros,"Bio One, Ibnu Jamil, Elang El Gibran",Kisah jatuh bangun grup lawak legendaris asal Solo Srimulat mengadu nasib menaklukkan panggung ibu kota Jakarta.
Srimulat: Hidup Memang Komedi,2023,Komedi,7.4,480,210000,Fajar Nugros,"Juan Bione Subiantoro, Indah Permatasari, Morgan Oey",Kelanjutan perjuangan anggota Srimulat beradaptasi dengan budaya Betawi dan menggapai ketenaran di televisi nasional.
"Babbe Cabita: Trinity, The Nekad Traveler",2017,Komedi,6.2,350,300000,Rizal Mantovani,"Maudy Ayunda, Hamish Daud, Babe Cabita",Kisah pekerja kantoran yang nekat bertualang keliling dunia di sela-sela jatah cutinya yang terbatas.
Lagi-Lagi Ateng,2019,Komedi,6.8,320,180000,Monty Tiwa,"Augie Fantinus, Soleh Solihun, Julie Estelle",Penghormatan terhadap pelawak legendaris Ateng dan Iskak dalam kisah saudara kembar yang terpisah sejak kecil.
Keluarga Cemara 2,2022,Drama,7.1,600,440000,Ismail Basbeth,"Ringgo Agus Rahman, Nirina Zubir, Adhisty Zara",Abah dan Emak berjuang membagi perhatian saat anak-anak mereka memasuki masa remaja yang penuh pergolakan batin.
Noktah Merah Perkawinan,2022,Drama,7.8,850,215000,Sabrina Rochelle Kalangie,"Marsha Timothy, Oka Antara, Sheila Dara Aisha",Retaknya rumah tangga pasangan mapan akibat campur tangan orang tua dan kehadiran orang ketiga di kantor arsitek.
Yuni,2021,Drama,7.3,1400,120000,Kamila Andini,"Arawinda Kirana, Kevin Ardilova, Asmara Abigail",Gadis SMA cerdas yang bermimpi kuliah menolak lamaran pria demi masa depan di tengah dogma adat mitos penolakan lamaran.
Penyalin Cahaya (Photocopier),2021,Drama,6.9,2300,1500000,Wregas Bhanuteja,"Shenina Cinnamon, Chicco Kurniawan, Jerome Kurnia",Mahasiswi berjuang mengungkap kebenaran di balik foto dirinya yang beredar di pesta teater hingga beasiswanya dicabut.
Budi Pekerti,2023,Drama,7.9,1200,580000,Wregas Bhanuteja,"Sha Ine Febriyanti, Dwi Sasono, Prilly Latuconsina, Angga Yunanda",Seorang guru BK di Yogyakarta menjadi korban perundungan massal di media sosial setelah video perselisihannya di pasar viral.
Jatuh Cinta Seperti di Dongeng-Dongeng,2023,Romantis,8.2,1600,650000,Yandy Laurens,"Ringgo Agus Rahman, Nirina Zubir, Alex Abbad",Seorang penulis skenario film jatuh cinta pada teman SMA-nya yang baru saja menjanda dan menulis kisah cinta mereka diam-diam.
Sebelum Iblis Menjemput,2018,Horor,6.0,1100,1122187,Timo Tjahjanto,"Chelsea Islan, Pevita Pearce, Ray Sahetapy",Keluarga tiri mengunjungi villa terbengkalai milik ayah mereka yang koma dan mengungkap perjanjian mengerikan dengan iblis.
Sebelum Iblis Menjemput Ayat 2,2020,Horor,6.1,800,863003,Timo Tjahjanto,"Chelsea Islan, Widika Sidmore, Baskara Mahendra","Dua tahun setelah selamat dari teror iblis, Alfie dan adik tirinya diculik anak-anak panti asuhan untuk mengusir kutukan roh jahat."
Sewu Dino: Janur Ireng,2024,Horor,6.2,520,2100000,Kimo Stamboel,"Mikha Tambayong, Marthino Lio",Rahasia kelam di balik asal mula perang santet keluarga Kuncoro dan keluarga Atmojo terkuak.
Santet Segoro Pitu,2024,Horor,6.3,410,1300000,Tommy Dewo,"Christian Sugiono, Sara Wijayanto",Pedagang pasar di Semarang dikirimi santet sakti tingkat tinggi dari tujuh lautan yang memusnahkan keluarganya.
Kuasa Gelap,2024,Horor,7.0,630,1450000,Bobby Prasetyo,"Jerome Kurnia, Lukman Sardi, Astrid Tiar",Seorang pastor katolik yang mengalami krisis iman harus memimpin ritual eksorsisme terhadap seorang gadis remaja.
Kemah Terlarang: Kesurupan Massal,2024,Horor,6.1,380,1100000,Ginanti Rona,"Callista Arum, Nayla D. Purnama",Perkemahan pramuka SMA di dalam hutan perbukitan Jogja berujung tragedi kesurupan massal saat pementasan drama roro jonggrang.
Dosen Ghaib: Sudah Malam atau Sudah Tahu,2024,Horor,5.2,310,950000,Guntur Soeharjanto,"Rayn Wijaya, Ersya Aurelia, Endy Arfian",Rumor sosok dosen ghaib yang meneror empat mahasiswa yang terpaksa mengambil kelas remidial di malam hari.
Petak Umpet Minako,2017,Horor,5.1,280,250000,Billy Christian,"Miller Khan, Wendy Wilson, Nicky Tirta",Reuni SMA di gedung sekolah tua berubah mematikan ketika salah seorang siswa memainkan ritual jelangkung jepang hitori kakurenbo.
Jailangkung,2017,Horor,5.3,620,2468791,Jose Poernomo & Rizal Mantovani,"Jefri Nichol, Amanda Rawles, Hannah Al Rashid",Tiga saudari berusaha mengungkap misteri koma ayah mereka yang ditemukan tak sadarkan diri di sebuah pulau terpencil.
Jailangkung 2,2018,Horor,5.0,410,1498459,Jose Poernomo & Rizal Mantovani,"Jefri Nichol, Amanda Rawles, Naufal Samudra",Tasya memainkan boneka jailangkung untuk bertemu almarhumah ibunya namun justru memanggil arwah jahat kapal matianak.
Jailangkung: Sandekala,2022,Horor,5.5,490,1540000,Kimo Stamboel,"Dwi Sasono, Titi Kamal, Syifa Hadju",Keluarga yang sedang berlibur di pedesaan kehilangan anak bungsu mereka yang hilang misterius saat matahari terbenam.
Munkar,2024,Horor,5.4,360,780000,Anggy Umbara,"Adhisty Zara, Safira Ratu Sofya, Saskia Chadwick",Teror arwah santriwati korban perundungan yang bangkit membalas dendam dengan sosok hantu herlina di pesantren Lamongan.
Trinil: Kembalikan Tubuhku,2024,Horor,5.9,420,830000,Hanung Bramantyo,"Carmela van der Kruk, Rangga Nattra, Wulan Guritno",Pasangan pengantin baru yang mewarisi perkebunan teh di Jawa Tengah diteror hantu kepala tanpa badan bernama Trinil.
Menjelang Maghrib,2022,Horor,5.7,330,550000,Helfi Kardit,"Annette Edoarda, Novia Bachmid, Fajar Kurniawan",Tiga mahasiswa psikologi meneliti gadis desa yang dipasung karena mengalami gangguan jiwa mistis menjelang senja.
Kuyang: Sekutu Iblis yang Selalu Mengintai,2024,Horor,5.6,290,420000,Yongki Ongestu,"Dimas Aditya, Alyssa Abidin, Putri Ayudya",PNS muda yang ditugaskan di pedalaman Kalimantan harus melindungi istrinya yang sedang hamil dari incaran siluman kuyang.
Pasar Setan,2024,Horor,5.5,310,340000,Wisnu Surya Pratama,"Audi Marissa, Roy Sungkono, Pangeran Lantang",Empat vlogger konten horor nekat mendaki gunung terlarang demi mencari keberadaan pasar gaib penunggu hutan.
Teman Tidur,2023,Horor,5.1,210,180000,Ray Nayoan,"Mutiara Sofya, Givina Lukita, Baskara Mahendra",Arwah siswi SMA yang bunuh diri akibat video intimnya disebarkan kembali menuntut balas kepada para pelaku perundungan.
Ratu Ilmu Hitam,2019,Horor,6.5,1300,910000,Kimo Stamboel,"Ario Bayu, Hannah Al Rashid, Muzakki Ramdhan",Tiga pria mengajak keluarga mereka berkunjung ke panti asuhan tempat mereka dibesarkan yang ternyata menyimpan santet dendam berdarah.
MatiAnak,2019,Horor,5.3,340,310000,Derby Romero,"Cinta Laura Kiehl, Irsyadillah, Jovarel Callum",Pengurus panti asuhan mencurigai anak yatim piatu pendiam yang baru diadopsi membawa aura kematian bagi anak-anak lain.
Titisan Setan,2018,Horor,4.9,250,220000,Agusti Tanjung,"Baim Wong, Wendy Wilson, Saykoji",Liburan romantis sepasang kekasih di villa pegunungan berubah menjadi mimpi buruk saat sang pria dirasuki kekuatan iblis kuno.
Titisan Setan 2,2021,Horor,4.8,180,110000,Agusti Tanjung,"Jeff Smith, Steffi Zamora, Rizky Mocil",Penjahit jas pesanan pesta kostum Halloween dihantui kematian ganjil para pemesan jasnya satu per satu.
Inang (The Womb),2022,Horor,6.4,890,830000,Fajar Nugros,"Naysila Mirdad, Dimas Anggara, Lydia Kandou",Karyawati hamil di luar nikah dirawat keluarga kaya yang ternyata merencanakan ritual tolak bala rabu wekasen mengorbankan bayinya.
Keranda Kuntilanak,2011,Horor,4.5,300,350000,Koya Pagayo,"Zack Lee, Indra Brotolaras, Fiona Fachru Nisa",Kos-kosan mahasiswi kedatangan peti keranda misterius yang mengeluarkan penampakan kuntilanak merah pencari mangsa.
Tali Pocong Perawan,2008,Horor,5.0,420,1100000,Awi Suryadi,"Dewi Perssik, Ibnu Jamil, Catherine Wilson",Dua pemuda nekat menggali makam gadis perawan demi mengambil tali pocong sebagai syarat pelet cinta memikat wanita idaman.
Pocong Pasti Berlalu,2014,Komedi,4.2,150,180000,Koya Pagayo,"Bella Shofie, Tatiana Sivek, Munir",Mahasiswa yang menyewa rumah murah diteror pocong penasaran yang ikut campur dalam urusan asmara mereka.
Suster Ngesot,2007,Horor,5.3,550,850000,Arie Azis,"Nia Ramadhani, Mike Lewis, Donita",Dua suster perawat magang di rumah sakit tua tanpa sengaja membongkar kamar rahasia tempat pembunuhan suster masa lalu.
Terowongan Casablanca,2007,Horor,5.0,480,950000,Nanang Istiabudi,"Asha Shara, Nino Fernandez, Ki Joko Bodo",Kisah arwah kuntilanak merah penunggu terowongan casablanca yang membalas dendam kepada pria yang mengubur jasadnya hidup-hidup.
Lantai 13,2007,Horor,5.8,320,400000,Helfi Kardit,"Widi Mulia, Tio Pakusadewo, Lucky Etta",Karyawati baru kantor megah Jakarta dipindahkan ke lantai 13 yang angker dan menyaksikan satu per satu rekannya tewas misterius.
Bangsal 13,2004,Horor,6.1,650,600000,Ody C. Harahap,"Endhita, Lia Buana, Arie Untung",Dua sahabat yang menabrak gadis misterius membawanya ke rumah sakit penuh dan terpaksa menempatkannya di bangsal 13 yang telah dikunci puluhan tahun.
Hantu Jeruk Purut,2006,Horor,5.1,510,900000,Koya Pagayo,"Angie Virgin, Sheila Marcia, Yulia Rachman",Sekelompok anak muda penasaran memutari makam jeruk purut tujuh kali di malam jumat demi membuktikan legenda pastor kepala buntung.
Mati Suri,2009,Horor,5.4,310,480000,Rizal Mantovani,"Nadine Chandrawinata, Yama Carlos, Keith Foo",Wanita yang selamat dari upaya bunuh diri mengalami mati suri dan kembali ke dunia nyata dengan kemampuan melihat gerbang alam baka.
Kuntilanak Kamar Mayat,2009,Horor,4.6,220,380000,Koya Pagayo,"Uli Auliani, Vicky Nitinegoro, Imey Liem",Mahasiswa kedokteran yang bertugas jaga malam di kamar mayat diteror arwah wanita korban mutilasi.
Air Terjun Pengantin,2009,Horor,5.1,430,1100000,Rizal Mantovani,"Tamara Bleszynski, Marcel Chandrawinata, Tyas Mirasih",Liburan delapan sahabat ke air terjun pengantin berujung pembantaian oleh pembunuh bertopeng berdarah dingin.
Rumah Dara (Macabre),2009,Horor,6.9,2100,600000,The Mo Brothers (Timo Tjahjanto & Kimo Stamboel),"Shareefa Daanish, Julie Estelle, Ario Bayu",Rombongan pelancong terjebak di rumah terpencil milik wanita misterius bernama Dara yang ternyata kanibal pemuja keabadian.
Modus Anomali (Ritual),2012,Action,6.4,1500,450000,Joko Anwar,"Rio Dewanto, Hannah Al Rashid, Surya Saputra",Seorang pria terbangun dari liang kubur di tengah hutan tanpa ingatan dan berpacu dengan waktu menyelamatkan keluarganya dari pembunuh misterius.
Pintu Terlarang (The Forbidden Door),2009,Drama,6.8,1400,350000,Joko Anwar,"Fachri Albar, Marsha Timothy, Ario Bayu",Seorang pemahat patung sukses menemukan pintu rahasia di rumahnya yang menyembunyikan kenyataan mengerikan tentang kehidupannya.
Kala (Dead Time),2007,Action,7.0,1200,400000,Joko Anwar,"Fachri Albar, Ario Bayu, Shanty",Seorang polisi dan jurnalis menyelidiki kasus pembunuhan misterius yang berkaitan dengan harta karun rahasia revolusi Indonesia.
Beranak dalam Kubur,2007,Horor,4.8,210,300000,Freddy Lingga,"Julia Perez, Adly Fairuz, Andi Soraya",Dua saudari tiri saling memperebutkan warisan tanah pusaka berujung perselingkuhan dan pembunuhan keji di pemakaman desa.
Hantu Jembatan Ancol,2008,Horor,4.7,290,650000,Arie Azis,"Nia Ramadhani, Ben Joshua, Nadila Ernesta",Balas dendam arwah wanita yang dibunuh dan dibuang kekasihnya di jembatan ancol meneror para pemuda ibu kota.
Tiren: Mati Kemaren,2008,Komedi,4.3,180,450000,Nayato Fio Nuala,"Dewi Perssik, Baron Hermanto, Aldi Taher",Kisah jenazah wanita yang tali pocongnya lupa dilepas bangkit mencari pertolongan hingga membuat geger warga kampung.
Sumpah Pocong di Sekolah,2008,Horor,4.6,230,410000,Arie Azis,"Hardi Fadhillah, Marcell Darwin, Wiwid Gunawan",Tiga siswa SMA yang dicurigai mencuri video asusila dipaksa bersumpah pocong di laboratorium biologi yang berujung kutukan maut.
Pocong Rumah Kelapa Dua,2014,Horor,4.4,140,190000,Nayato Fio Nuala,"Zacky Zimah, Ferly Putra, Stevani Nepa",Dua mahasiswa perantau menyewa rumah tua di daerah kelapa dua yang ternyata dijaga sosok pocong penasaran.
Kutukan Arwah Santet,2012,Horor,4.1,110,130000,Hanny Mustofa,"Julia Perez, Jenny Cortez, Ruben Onsu",Dendam masa lalu persaingan bisnis antar keluarga memicu pelepasan arwah santet paku bumi yang merenggut nyawa.
Misteri Cipularang,2013,Horor,4.5,150,210000,Koya Pagayo,"Amel Alvi, Roro Fitria, Fikri Baladraf",Kecelakaan berulang di kilometer 97 tol cipularang diselidiki mahasiswa yang berhadapan dengan penampakan siluman wanita berbaju putih.
Suster Keramas,2009,Horor,4.8,310,750000,Helfi Kardit,"Rin Sakuragi, Herichan, Rizky Mocil",Wisatawan jepang mencari kakaknya yang hilang di rumah sakit indonesia dan bertemu arwah suster berambut panjang basah.
Pocong Ngesot,2011,Komedi,4.2,160,320000,Nayato Fio Nuala,"Fero Walandouw, Aziz Gagap, Keira Shabira",Komedian magang di villa angker mencari jimat keberuntungan yang dijaga hantu pocong ngesot kocak.
Santet Kuntilanak,2012,Horor,4.4,130,220000,Koya Pagayo,"Dewi Perssik, Ikhsan Samiaji, Andrew Andika",Perselingkuhan bos mafia dengan sekretarisnya dibalas santet kuntilanak cermin oleh sang istri sah.
Jenglot Pantai Selatan,2011,Horor,4.7,190,280000,Rizal Mantovani,"Debby Ayu, Febriyanie Ferdinando, Zidni Adam",Penemuan figur jenglot di bibir pantai selatan memicu bencana ombak pasang dan histeria warga pesisir.
Pulau Hantu,2007,Horor,5.4,410,700000,Jose Poernomo,"Ricky Harun, Bram Mukti, Abdurrahman Arif",Pesta kelulusan anak-anak muda di pulau tak berpenghuni berubah teror berdarah saat mereka mengambil boneka keramat pulau.
Pulau Hantu 2,2008,Horor,5.1,300,520000,Jose Poernomo,"Ricky Harun, Wiwid Gunawan, Uli Auliani",Rombongan pelancong baru terdampar di pulau hantu dan diteror sosok hantu mangap yang haus korban baru.
Pulau Hantu 3,2012,Horor,4.8,220,310000,Jose Poernomo,"Shinta Bachir, Boy Hamzah, Jenny Cortez",Resort baru dibuka di bekas pulau angker memicu kebangkitan kembali arwah penunggu pulau pemakan darah.
Kuntilanak Beranak,2009,Horor,4.3,170,290000,Ian Jacobs,"Garneta Haruni, Monique Henry, Rizal Djibran",Pembalasan dendam wanita korban aborsi ilegal yang mati penasaran dan melahirkan sosok kuntilanak kecil.
Pocong Keliling,2010,Komedi,4.5,240,430000,Viva Westi,"Catherine Wilson, Daus Separo, Donita",Kepanikan warga komplek perumahan akibat rumor kemunculan pocong keliling yang mengetuk pintu rumah tengah malam.
Kepergok Pocong,2011,Komedi,4.2,160,250000,Nayato Fio Nuala,"Azis Gagap, Reymon Knuliqh, Rozi Mahally",Dua pemuda penggila konten horor mencari pocong asli demi memenangkan sayembara video bernilai puluhan juta.
Pocong Mandi Goyang Pinggul,2011,Komedi,3.9,130,190000,Yoyok Dumprink,"Sasha Grey, Sheza Idris, Chand Kelvin",Bintang film asing yang berkunjung ke bogor tanpa sengaja mengganggu ritual mandi arwah pocong penunggu sungai.
Taman Lawang,2013,Komedi,4.6,180,240000,Aditya Gumay,"Olga Syahputra, Nikita Mirzani, Chand Kelvin",Investigasi kematian misterius seorang waria di taman lawang yang arwahnya gentayangan mencari keadilan.
Hantu Tanah Kusir,2010,Horor,4.4,190,310000,Findo Purwono HW,"Miyabi (Maria Ozawa), Zacky Zimah, Rheina Ipeh",Kisah tukang delman di kuburan tanah kusir yang delmannya ditumpangi arwah wanita cantik berparas oriental.
Arwah Goyang Karawang,2011,Horor,4.5,250,550000,Helfi Kardit,"Julia Perez, Dewi Perssik, Erly Ashy",Persaingan dua penari jaipong memperebutkan posisi primadona berujung kesurupan arwah penari kuno di atas panggung.
Kain Kafan Perawan,2010,Horor,4.7,210,380000,Nayato Fio Nuala,"Ratu Felisha, Sarah Rizkiah, Smitha Anjani",Mahasiswa perfilman mencuri kain kafan jenazah perawan demi mendapatkan materi syuting film indie yang seram.
Pelukan Janda Hantu Gerondong,2011,Komedi,4.0,120,170000,Helfi Kardit,"Indah Kalalo, Angel Lelga, Arie Untung",Kisah duda yang menyewa rumah warisan janda kaya tanpa tahu rumah tersebut dihuni arwah hantu gerondong.
Sarang Hantu Jakarta,2014,Horor,4.6,140,160000,Ibnu Agha,"Bella Shofie, Meidian Maladi, Sarah Rizkiah",Petualangan tim pemburu hantu menyusuri titik-titik paling angker di sekeliling penjuru kota jakarta.
Bangkit dari Lumpur,2013,Horor,4.8,170,220000,Sridhar Jetty,"Robby Shine, Dewi Perssik, Mucle",Seorang penari yang dibunuh dan dikubur di dalam lumpur panas bangkit menuntut balas dendam kepada komplotan pembunuhnya.
Pocong The Real Total Horror,2006,Horor,6.2,500,450000,Rudy Soedjarwo,"Ringgo Agus Rahman, Dennis Adhiswara, Kinaryosih",Kisah asli film pocong pertama yang dicekal lembaga sensor karena dianggap terlalu menakutkan bagi penonton bioskop.
Kuntilanak Kesurupan,2011,Komedi,4.3,160,280000,Nayato Fio Nuala,"Guntur Triyoga, Aziz Gagap, Fero Walandouw",Sekelompok anak muda iseng menulis novel horor yang tanpa sengaja membuat kuntilanak penunggu kampus mereka kesurupan.
Tafakur,2024,Drama,7.1,280,350000,Fajar Bustomi,"Fedi Nuril, Citra Kirana, Dewi Sandra",Refleksi spiritual seorang pria sukses yang diuji kehilangan seluruh harta dan keluarganya dalam satu malam.
Bila Esok Ibu Tiada,2024,Drama,7.6,890,3200000,Rudi Soedjarwo,"Christine Hakim, Slamet Rahardjo, Adinia Wirasti, Fedi Nuril",Kehidupan empat anak yang tercerai berai dengan ego masing-masing diuji saat ibu mereka yang renta jatuh sakit kritis.
Home Sweet Loan,2024,Drama,7.8,1100,1700000,Sabrina Rochelle Kalangie,"Yunita Siregar, Derby Romero, Risty Tagor",Perjuangan seorang anak bungsu sebagai sandwich generation yang bermimpi membeli rumah sendiri di tengah beban finansial keluarga.
Bolehkah Sekali Saja Kumenangis,2024,Drama,7.2,640,1150000,Reka Wijaya,"Prilly Latuconsina, Pradikta Wicaksono, Surya Saputra",Seorang gadis yang menanggung beban trauma keluarga dengan ayah pemarah menemukan ruang aman di kelompok pendukung sesama penyintas.
Pantaskah Aku Berhijab,2024,Drama,6.9,410,750000,Hadrah Daeng Ratu,"Nadya Arina, Bryan Domani, Nadzira Shafa",Pencarian jati diri seorang perempuan muda yang berjuang melepaskan masa lalu kelam demi menemukan kedamaian spiritual.
Tebusan Dosa,2024,Horor,6.7,530,920000,Yosep Anggi Noen,"Happy Salma, Putri Marino, Shogen",Seorang ibu yang kehilangan anak perempuannya dalam kecelakaan di sungai mencari petunjuk dari podcast horor misterius.
Kromoleo,2024,Horor,5.8,320,680000,Anggy Umbara,"Ratu Sofya, Tio Pakusadewo, Abun Sungkar",Legenda hantu pengusung keranda mayat kromoleo di lereng Gunung Merapi yang membawa kutukan kematian bagi siapa saja yang melihatnya.
Thaghut,2024,Horor,6.2,460,820000,Bobby Prasetyo,"Yasmin Napper, Ria Ricis, Arbani Yasiz",Seorang santriwati mencari tahu asal-usul ayah kandungnya yang ternyata pimpinan padepokan sesat penyembah thaghut.
Possession: Kerasukan,2024,Horor,6.5,710,540000,Razka Robby Ertanto,"Darius Sinathrya, Carissa Perusset, Sara Fajira",Kembalinya seorang tentara dari tugas panjang disambut permintaan cerai mendadak istrinya yang ternyata dikuasai kekuatan gelap tak kasat mata.
Danyang: Mahar Tukar Nyawa,2024,Horor,6.0,380,620000,Fedi Nuril,"Bhisma Mulia, Sahila Hisyam, Wulan Guritno",Pemuda miskin melakukan pesugihan dengan danyang penunggu pohon beringin tua demi meminang wanita pujaan hatinya.
Petak Umpet,2024,Horor,5.7,310,480000,Rizal Mantovani,"Randy Martin, Saskia Chadwick, Adam Farrel",Seorang kakak mencari adiknya yang hilang diculik sosok wewe gombel saat bermain petak umpet di rumah tua kosong.
Guna-Guna Istri Muda,2024,Horor,6.3,470,1250000,Robvy Ertanto,"Anjasmara, Lulu Tobing, Carissa Perusset",Keluarga mapan dihancurkan santet pemikat ilmu hitam yang dikirimkan istri muda demi menguasai seluruh harta kekayaan.
Pernikahan Arwah (The Ghost Wedding),2025,Horor,6.4,320,890000,Paul Agusta,"Morgan Oey, Zulfa Maharani",Tradisi kuno pernikahan arwah keluarga Tionghoa membawa kutukan gaib saat salah satu calon pengantin masih bernyawa.
1 Imam 2 Makmum,2025,Drama,7.0,290,650000,Key Mangunsong,"Fedi Nuril, Amanda Manopo, Revalina S. Temat",Konflik batin dan keikhlasan seorang istri dalam menjalani dinamika kehidupan rumah tangga poligami modern.
Pabrik Gula,2025,Horor,6.5,450,1400000,Awi Suryadi,"Vino G. Bastian, Tissa Biani",Misteri tumbal gilingan tebu era kolonial di pabrik gula tertua pulau Jawa yang kembali memakan korban jiwa.
The Most Beautiful Girl in the World,2025,Romantis,7.1,380,950000,Fajar Nugros,"Angga Yunanda, Shenina Cinnamon",Kisah romansa modern dua insan muda yang berjuang melampaui standar kecantikan sosial media dan menemukan cinta sejati.
Ritual Kamar Terkutuk,2023,Horor,4.9,363,655043,Yandy Laurens,"Ario Bayu, Marsha Timothy",Teror kutukan mistis dan perjanjian gaib mengancam nyawa warga yang melanggar pantangan adat kuno.
Kutukan Asrama Gaib,2011,Horor,5.9,609,900437,Sidharta Tata,"Shenina Cinnamon, Jerome Kurnia, Laura Basuki",Teror kutukan mistis dan perjanjian gaib mengancam nyawa warga yang melanggar pantangan adat kuno.
Kematian Hutan Kuno,2020,Horor,6.0,298,436206,Upi Avianto,"Aghniny Haque, Tissa Biani, Chelsea Islan",Teror kutukan mistis dan perjanjian gaib mengancam nyawa warga yang melanggar pantangan adat kuno.
Senja di Sudut Ibu Kota,2026,Romantis,7.1,464,520859,Joko Anwar,"Iqbaal Ramadhan, Taskya Namya, Adhisty Zara","Dilema kehidupan cinta, keluarga, dan pengorbanan batin dalam memperjuangkan impian di tengah realitas sosial."
Santet Rumah Iblis,2004,Horor,5.8,314,330639,Bayu Skak,"Angga Yunanda, Prilly Latuconsina",Teror kutukan mistis dan perjanjian gaib mengancam nyawa warga yang melanggar pantangan adat kuno.
Santet Danau Maut,2010,Horor,5.2,352,486802,Kamila Andini,"Laura Basuki, Prilly Latuconsina, Taskya Namya",Teror kutukan mistis dan perjanjian gaib mengancam nyawa warga yang melanggar pantangan adat kuno.
Santet Desa Menjelang Fajar,2004,Horor,6.0,364,448728,Fajar Nugros,"Mawar de Jongh, Reza Rahadian, Refal Hady",Teror kutukan mistis dan perjanjian gaib mengancam nyawa warga yang melanggar pantangan adat kuno.
Janji di Ujung Musim,2013,Romantis,6.7,806,1693231,Yandy Laurens,"Jefri Nichol, Tara Basro","Dilema kehidupan cinta, keluarga, dan pengorbanan batin dalam memperjuangkan impian di tengah realitas sosial."
Teror Rumah Kuno,2010,Horor,5.3,585,621556,Sidharta Tata,"Nicholas Saputra, Bryan Domani, Refal Hady",Teror kutukan mistis dan perjanjian gaib mengancam nyawa warga yang melanggar pantangan adat kuno.
Jeritan Kamar Kegelapan,2023,Horor,7.0,322,358855,Azhar Kinoi Lubis,"Nicholas Saputra, Tara Basro",Teror kutukan mistis dan perjanjian gaib mengancam nyawa warga yang melanggar pantangan adat kuno.
Dendam Makam Berdarah,2013,Horor,6.5,257,266085,Baim Wong,"Adhisty Zara, Tara Basro, Rio Dewanto",Teror kutukan mistis dan perjanjian gaib mengancam nyawa warga yang melanggar pantangan adat kuno.
Janji di Antara Dua Hati,2024,Drama,7.4,233,217152,Nayato Fio Nuala,"Tara Basro, Bryan Domani, Joe Taslim","Dilema kehidupan cinta, keluarga, dan pengorbanan batin dalam memperjuangkan impian di tengah realitas sosial."
Misteri Desa Jahanam,2003,Horor,5.6,369,326965,Kimo Stamboel,"Ario Bayu, Lukman Sardi",Teror kutukan mistis dan perjanjian gaib mengancam nyawa warga yang melanggar pantangan adat kuno.
Jodoh Nyasar Part 2,2014,Komedi,7.0,604,663214,Fajar Bustomi,"Angga Yunanda, Bryan Domani, Fedi Nuril",Kekonyolan sekelompok pemuda yang terjerat masalah salah paham dan berusaha mencari jalan keluar dengan cara kocak.
Batas di Bawah Langit,2026,Romantis,8.8,1310,3280518,Sidharta Tata,"Aghniny Haque, Tissa Biani","Dilema kehidupan cinta, keluarga, dan pengorbanan batin dalam memperjuangkan impian di tengah realitas sosial."
Rindu di Sudut Ibu Kota,2014,Drama,6.7,426,689964,Hadrah Daeng Ratu,"Mawar de Jongh, Jerome Kurnia, Lukman Sardi","Dilema kehidupan cinta, keluarga, dan pengorbanan batin dalam memperjuangkan impian di tengah realitas sosial."
Luka di Balik Jendela,2025,Drama,6.9,464,321423,Bayu Skak,"Bryan Domani, Shenina Cinnamon, Prilly Latuconsina","Dilema kehidupan cinta, keluarga, dan pengorbanan batin dalam memperjuangkan impian di tengah realitas sosial."
Kutukan Danau Kegelapan,2014,Horor,5.7,901,1514297,Riri Riza,"Chicco Jerikho, Chelsea Islan, Tissa Biani",Teror kutukan mistis dan perjanjian gaib mengancam nyawa warga yang melanggar pantangan adat kuno.
Janji di Bumi Rafflesia,2010,Drama,6.3,377,137111,Kimo Stamboel,"Ario Bayu, Fedi Nuril, Iqbaal Ramadhan","Dilema kehidupan cinta, keluarga, dan pengorbanan batin dalam memperjuangkan impian di tengah realitas sosial."
Kematian Pabrik Terkutuk,2009,Horor,5.7,977,1520595,Rizal Mantovani,"Tara Basro, Iqbaal Ramadhan",Teror kutukan mistis dan perjanjian gaib mengancam nyawa warga yang melanggar pantangan adat kuno.
Harapan di Balik Jendela,2015,Drama,6.1,241,381812,Anggy Umbara,"Lukman Sardi, Reza Rahadian","Dilema kehidupan cinta, keluarga, dan pengorbanan batin dalam memperjuangkan impian di tengah realitas sosial."
Jeritan Kamar Leluhur,2006,Horor,5.7,1879,3280909,Muhadkly Acho,"Lukman Sardi, Refal Hady, Putri Marino",Teror kutukan mistis dan perjanjian gaib mengancam nyawa warga yang melanggar pantangan adat kuno.
Batas di Antara Dua Hati,2026,Romantis,6.7,191,285590,Bobby Prasetyo,"Lukman Sardi, Adhisty Zara, Mawar de Jongh","Dilema kehidupan cinta, keluarga, dan pengorbanan batin dalam memperjuangkan impian di tengah realitas sosial."
Lentera di Antara Dua Hati,2004,Drama,7.9,286,279387,Kimo Stamboel,"Chelsea Islan, Christine Hakim","Dilema kehidupan cinta, keluarga, dan pengorbanan batin dalam memperjuangkan impian di tengah realitas sosial."
Tumbal Danau Iblis,2015,Horor,6.1,251,326174,Monty Tiwa,"Pevita Pearce, Vino G. Bastian",Teror kutukan mistis dan perjanjian gaib mengancam nyawa warga yang melanggar pantangan adat kuno.
Rintangan di Bumi Rafflesia,2024,Religi,6.4,511,458558,Yandy Laurens,"Ario Bayu, Vino G. Bastian","Dilema kehidupan cinta, keluarga, dan pengorbanan batin dalam memperjuangkan impian di tengah realitas sosial."
Bikin Ribet Abis,2016,Komedi,7.0,379,193756,Bayu Skak,"Dian Sastrowardoyo, Jefri Nichol, Taskya Namya",Kekonyolan sekelompok pemuda yang terjerat masalah salah paham dan berusaha mencari jalan keluar dengan cara kocak.
Melodi di Sudut Ibu Kota,2024,Romantis,6.1,348,56309,Joko Anwar,"Pevita Pearce, Putri Marino","Dilema kehidupan cinta, keluarga, dan pengorbanan batin dalam memperjuangkan impian di tengah realitas sosial."
Santet Asrama Menjelang Fajar,2013,Horor,5.9,1370,2748423,Fajar Bustomi,"Laura Basuki, Mawar de Jongh",Teror kutukan mistis dan perjanjian gaib mengancam nyawa warga yang melanggar pantangan adat kuno.
Petualangan Kancil 2021,2021,Animasi,6.3,360,37918,Angga Dwimas Sasongko,"Bryan Domani, Pevita Pearce",Petualangan fantasi penuh warna anak-anak pemberani menjelajahi alam Nusantara untuk menyelamatkan pusaka leluhur.
Salah Tangkap Bikin Pusing,2011,Komedi,6.4,516,895497,Nayato Fio Nuala,"Mawar de Jongh, Muzakki Ramdhan, Rio Dewanto",Kekonyolan sekelompok pemuda yang terjerat masalah salah paham dan berusaha mencari jalan keluar dengan cara kocak.
Janji di Sudut Ibu Kota,2010,Drama,7.1,274,391628,Ody C. Harahap,"Bryan Domani, Angga Yunanda, Chelsea Islan","Dilema kehidupan cinta, keluarga, dan pengorbanan batin dalam memperjuangkan impian di tengah realitas sosial."
Santet Gua Maut,2010,Horor,5.6,913,1353555,Hanung Bramantyo,"Jerome Kurnia, Bryan Domani",Teror kutukan mistis dan perjanjian gaib mengancam nyawa warga yang melanggar pantangan adat kuno.
Perjanjian Asrama Iblis,2007,Horor,5.7,490,592317,Upi Avianto,"Prilly Latuconsina, Fedi Nuril",Teror kutukan mistis dan perjanjian gaib mengancam nyawa warga yang melanggar pantangan adat kuno.
Penglaris Gua Maut,2020,Horor,6.6,158,223625,Rizal Mantovani,"Dian Sastrowardoyo, Christine Hakim",Teror kutukan mistis dan perjanjian gaib mengancam nyawa warga yang melanggar pantangan adat kuno.
Duka di Balik Jendela,2004,Drama,7.7,414,496164,Anggy Umbara,"Jerome Kurnia, Taskya Namya","Dilema kehidupan cinta, keluarga, dan pengorbanan batin dalam memperjuangkan impian di tengah realitas sosial."
Hantu Pantai Kegelapan,2010,Horor,6.6,610,1240699,Ody C. Harahap,"Tara Basro, Laura Basuki",Teror kutukan mistis dan perjanjian gaib mengancam nyawa warga yang melanggar pantangan adat kuno.
Operasi Gagak Jakarta,2020,Action,7.7,381,318007,Hanung Bramantyo,"Laura Basuki, Aghniny Haque, Lukman Sardi",Penyelidikan kasus konspirasi kriminal bawah tanah berujung baku tembak sengit dan pertarungan mempertaruhkan nyawa.
Harapan di Bumi Rafflesia,2019,Romantis,6.5,307,52397,Yandy Laurens,"Iqbaal Ramadhan, Aghniny Haque, Fedi Nuril","Dilema kehidupan cinta, keluarga, dan pengorbanan batin dalam memperjuangkan impian di tengah realitas sosial."
Santet Asrama Gaib,2019,Thriller,6.6,97,26411,Anggy Umbara,"Muzakki Ramdhan, Jefri Nichol, Nicholas Saputra","Dilema kehidupan cinta, keluarga, dan pengorbanan batin dalam memperjuangkan impian di tengah realitas sosial."
Batas di Bumi Rafflesia,2002,Drama,6.6,661,1642756,Upi Avianto,"Tara Basro, Bryan Domani, Refal Hady","Dilema kehidupan cinta, keluarga, dan pengorbanan batin dalam memperjuangkan impian di tengah realitas sosial."
Cahaya di Sudut Ibu Kota,2004,Drama,6.3,475,1283040,Baim Wong,"Adhisty Zara, Vino G. Bastian, Shenina Cinnamon","Dilema kehidupan cinta, keluarga, dan pengorbanan batin dalam memperjuangkan impian di tengah realitas sosial."
Hantu Sekolah Berdarah,2003,Horor,7.1,206,252933,Ernest Prakasa,"Julie Estelle, Vino G. Bastian",Teror kutukan mistis dan perjanjian gaib mengancam nyawa warga yang melanggar pantangan adat kuno.
Misteri Hutan Berdarah,2007,Horor,6.1,668,839998,Timo Tjahjanto,"Refal Hady, Pevita Pearce, Chelsea Islan",Teror kutukan mistis dan perjanjian gaib mengancam nyawa warga yang melanggar pantangan adat kuno.
Kutukan Gua Keramat,2008,Horor,6.0,504,446301,Ody C. Harahap,"Shenina Cinnamon, Jerome Kurnia",Teror kutukan mistis dan perjanjian gaib mengancam nyawa warga yang melanggar pantangan adat kuno.
Rindu di Antara Dua Hati,2015,Romantis,6.3,550,703830,Yandy Laurens,"Reza Rahadian, Chelsea Islan","Dilema kehidupan cinta, keluarga, dan pengorbanan batin dalam memperjuangkan impian di tengah realitas sosial."
Santet Sekolah Kegelapan,2008,Horor,6.6,539,804080,Fajar Bustomi,"Fedi Nuril, Pevita Pearce, Joe Taslim",Teror kutukan mistis dan perjanjian gaib mengancam nyawa warga yang melanggar pantangan adat kuno.
Perjanjian Pabrik Maut,2002,Horor,6.7,2128,5578716,Charles Gozali,"Bryan Domani, Adhisty Zara, Slamet Rahardjo",Teror kutukan mistis dan perjanjian gaib mengancam nyawa warga yang melanggar pantangan adat kuno.
Batas di Sudut Ibu Kota,2006,Drama,7.5,113,143159,Timo Tjahjanto,"Christine Hakim, Iqbaal Ramadhan, Muzakki Ramdhan","Dilema kehidupan cinta, keluarga, dan pengorbanan batin dalam memperjuangkan impian di tengah realitas sosial."
Pesugihan Danau Jahanam,2025,Horor,7.0,211,267325,Timo Tjahjanto,"Christine Hakim, Taskya Namya, Dian Sastrowardoyo",Teror kutukan mistis dan perjanjian gaib mengancam nyawa warga yang melanggar pantangan adat kuno.
Duka di Antara Dua Hati,2009,Drama,7.8,157,178410,Kimo Stamboel,"Taskya Namya, Bryan Domani","Dilema kehidupan cinta, keluarga, dan pengorbanan batin dalam memperjuangkan impian di tengah realitas sosial."
Jejak di Sudut Ibu Kota,2019,Drama,7.9,163,66088,Ody C. Harahap,"Fedi Nuril, Marsha Timothy, Aghniny Haque","Dilema kehidupan cinta, keluarga, dan pengorbanan batin dalam memperjuangkan impian di tengah realitas sosial."
Perjanjian Alas Menjelang Fajar,2022,Horor,6.8,849,2516062,Ernest Prakasa,"Pevita Pearce, Ario Bayu, Dian Sastrowardoyo",Teror kutukan mistis dan perjanjian gaib mengancam nyawa warga yang melanggar pantangan adat kuno.
Ritual Hutan Gaib,2018,Horor,5.6,527,1271783,Rudi Soedjarwo,"Jerome Kurnia, Slamet Rahardjo, Mawar de Jongh",Teror kutukan mistis dan perjanjian gaib mengancam nyawa warga yang melanggar pantangan adat kuno.
Teror Sekolah Iblis,2002,Horor,6.0,382,988889,Muhadkly Acho,"Refal Hady, Reza Rahadian",Teror kutukan mistis dan perjanjian gaib mengancam nyawa warga yang melanggar pantangan adat kuno.
Pelukan di Sudut Ibu Kota,2014,Drama,7.2,267,479625,Upi Avianto,"Tissa Biani, Shenina Cinnamon","Dilema kehidupan cinta, keluarga, dan pengorbanan batin dalam memperjuangkan impian di tengah realitas sosial."
Batas di Balik Jendela,2026,Drama,7.2,253,541215,Awi Suryadi,"Putri Marino, Aghniny Haque, Julie Estelle","Dilema kehidupan cinta, keluarga, dan pengorbanan batin dalam memperjuangkan impian di tengah realitas sosial."
Jeritan Kamar Keramat,2007,Horor,6.3,600,1006992,Azhar Kinoi Lubis,"Joe Taslim, Mawar de Jongh, Shenina Cinnamon",Teror kutukan mistis dan perjanjian gaib mengancam nyawa warga yang melanggar pantangan adat kuno.
Janji di Ujung Musim: Babak 4,2015,Religi,7.3,164,88133,Kimo Stamboel,"Iko Uwais, Slamet Rahardjo","Dilema kehidupan cinta, keluarga, dan pengorbanan batin dalam memperjuangkan impian di tengah realitas sosial."
Penglaris Sekolah Leluhur,2023,Horor,6.2,358,603796,Timo Tjahjanto,"Dian Sastrowardoyo, Chicco Jerikho",Teror kutukan mistis dan perjanjian gaib mengancam nyawa warga yang melanggar pantangan adat kuno.
Surat di Ujung Musim,2019,Romantis,7.2,406,406011,Muhadkly Acho,"Jerome Kurnia, Pevita Pearce","Dilema kehidupan cinta, keluarga, dan pengorbanan batin dalam memperjuangkan impian di tengah realitas sosial."
Luka di Sudut Ibu Kota,2024,Drama,6.8,544,756508,Monty Tiwa,"Putri Marino, Iko Uwais","Dilema kehidupan cinta, keluarga, dan pengorbanan batin dalam memperjuangkan impian di tengah realitas sosial."
Pesugihan Lembah Hitam,2017,Horor,5.8,551,587905,Anggy Umbara,"Aghniny Haque, Jerome Kurnia",Teror kutukan mistis dan perjanjian gaib mengancam nyawa warga yang melanggar pantangan adat kuno.
Rindu di Batas Kota,2012,Romantis,6.5,733,713241,Awi Suryadi,"Vino G. Bastian, Rio Dewanto, Aghniny Haque","Dilema kehidupan cinta, keluarga, dan pengorbanan batin dalam memperjuangkan impian di tengah realitas sosial."
Pelukan di Bumi Rafflesia,2005,Drama,7.1,164,346601,Baim Wong,"Tissa Biani, Iqbaal Ramadhan, Ario Bayu","Dilema kehidupan cinta, keluarga, dan pengorbanan batin dalam memperjuangkan impian di tengah realitas sosial."
Ritual Makam Gaib,2007,Thriller,6.0,235,56536,Bayu Skak,"Bryan Domani, Prilly Latuconsina","Dilema kehidupan cinta, keluarga, dan pengorbanan batin dalam memperjuangkan impian di tengah realitas sosial."
Duka di Balik Jendela: Babak 2,2014,Romantis,6.8,367,188166,Timo Tjahjanto,"Rio Dewanto, Slamet Rahardjo","Dilema kehidupan cinta, keluarga, dan pengorbanan batin dalam memperjuangkan impian di tengah realitas sosial."
Jejak di Bawah Langit,2011,Drama,7.0,632,458015,Ernest Prakasa,"Laura Basuki, Aghniny Haque","Dilema kehidupan cinta, keluarga, dan pengorbanan batin dalam memperjuangkan impian di tengah realitas sosial."
Kematian Pabrik Keramat,2023,Horor,6.0,223,218554,Joko Anwar,"Refal Hady, Iko Uwais",Teror kutukan mistis dan perjanjian gaib mengancam nyawa warga yang melanggar pantangan adat kuno.
Petualangan Bintang Kejora 2002,2002,Animasi,7.6,195,425347,Wregas Bhanuteja,"Marsha Timothy, Ario Bayu",Petualangan fantasi penuh warna anak-anak pemberani menjelajahi alam Nusantara untuk menyelamatkan pusaka leluhur.
Operasi Gagak Darah,2007,Action,7.1,207,101351,Hanung Bramantyo,"Angga Yunanda, Joe Taslim",Penyelidikan kasus konspirasi kriminal bawah tanah berujung baku tembak sengit dan pertarungan mempertaruhkan nyawa.
Piknik Bencana Bikin Pusing,2004,Komedi,7.9,451,600059,Kamila Andini,"Chicco Jerikho, Aghniny Haque",Kekonyolan sekelompok pemuda yang terjerat masalah salah paham dan berusaha mencari jalan keluar dengan cara kocak.
Lentera di Sudut Ibu Kota,2003,Romantis,6.5,403,589972,Sidharta Tata,"Christine Hakim, Reza Rahadian","Dilema kehidupan cinta, keluarga, dan pengorbanan batin dalam memperjuangkan impian di tengah realitas sosial."
Pesugihan Alas Menjelang Fajar,2015,Horor,6.1,593,946170,Hanung Bramantyo,"Refal Hady, Mawar de Jongh, Taskya Namya",Teror kutukan mistis dan perjanjian gaib mengancam nyawa warga yang melanggar pantangan adat kuno.
Melodi di Batas Kota,2012,Romantis,7.6,436,453162,Guntur Soeharjanto,"Iko Uwais, Rio Dewanto","Dilema kehidupan cinta, keluarga, dan pengorbanan batin dalam memperjuangkan impian di tengah realitas sosial."
Arwah Kamar Jahanam,2014,Horor,6.1,460,435663,Muhadkly Acho,"Lukman Sardi, Taskya Namya",Teror kutukan mistis dan perjanjian gaib mengancam nyawa warga yang melanggar pantangan adat kuno.
Mendadak Bos Part 2,2004,Komedi,7.9,509,812858,Timo Tjahjanto,"Muzakki Ramdhan, Adhisty Zara",Kekonyolan sekelompok pemuda yang terjerat masalah salah paham dan berusaha mencari jalan keluar dengan cara kocak.
Jodoh Nyasar Keluarga,2012,Komedi,6.7,120,116895,Azhar Kinoi Lubis,"Slamet Rahardjo, Putri Marino, Shenina Cinnamon",Kekonyolan sekelompok pemuda yang terjerat masalah salah paham dan berusaha mencari jalan keluar dengan cara kocak.
Kematian Pabrik Leluhur,2025,Horor,6.2,704,915660,Bayu Skak,"Mawar de Jongh, Joe Taslim",Teror kutukan mistis dan perjanjian gaib mengancam nyawa warga yang melanggar pantangan adat kuno.
Gokil Part 2,2006,Komedi,5.8,391,67891,Riri Riza,"Mawar de Jongh, Vino G. Bastian",Kekonyolan sekelompok pemuda yang terjerat masalah salah paham dan berusaha mencari jalan keluar dengan cara kocak.
Lentera di Sudut Ibu Kota: Babak 5,2026,Drama,7.9,303,609704,Nayato Fio Nuala,"Lukman Sardi, Dian Sastrowardoyo","Dilema kehidupan cinta, keluarga, dan pengorbanan batin dalam memperjuangkan impian di tengah realitas sosial."
Ritual Pantai Maut,2015,Horor,6.0,428,786362,Muhadkly Acho,"Aghniny Haque, Muzakki Ramdhan",Teror kutukan mistis dan perjanjian gaib mengancam nyawa warga yang melanggar pantangan adat kuno.
Dendam Sekolah Hitam,2010,Horor,5.4,604,1165432,Nayato Fio Nuala,"Putri Marino, Mawar de Jongh, Laura Basuki",Teror kutukan mistis dan perjanjian gaib mengancam nyawa warga yang melanggar pantangan adat kuno.
Pesugihan Alas Keramat,2014,Horor,6.1,959,1761770,Joko Anwar,"Vino G. Bastian, Taskya Namya, Iqbaal Ramadhan",Teror kutukan mistis dan perjanjian gaib mengancam nyawa warga yang melanggar pantangan adat kuno.
Cahaya di Ujung Musim,2016,Religi,7.6,1093,2742775,Monty Tiwa,"Laura Basuki, Prilly Latuconsina","Dilema kehidupan cinta, keluarga, dan pengorbanan batin dalam memperjuangkan impian di tengah realitas sosial."
Santet Rumah Hitam,2002,Horor,6.4,544,565774,Hanung Bramantyo,"Adhisty Zara, Angga Yunanda",Teror kutukan mistis dan perjanjian gaib mengancam nyawa warga yang melanggar pantangan adat kuno.
Cahaya di Sudut Ibu Kota: Babak 4,2016,Religi,7.4,227,142740,Hanung Bramantyo,"Dian Sastrowardoyo, Refal Hady, Nicholas Saputra","Dilema kehidupan cinta, keluarga, dan pengorbanan batin dalam memperjuangkan impian di tengah realitas sosial."
Bikin Ribet Bikin Pusing,2006,Komedi,6.5,633,856997,Bobby Prasetyo,"Shenina Cinnamon, Julie Estelle",Kekonyolan sekelompok pemuda yang terjerat masalah salah paham dan berusaha mencari jalan keluar dengan cara kocak.
Mertua Galak Abis,2017,Komedi,6.8,517,793015,Timo Tjahjanto,"Dian Sastrowardoyo, Pevita Pearce",Kekonyolan sekelompok pemuda yang terjerat masalah salah paham dan berusaha mencari jalan keluar dengan cara kocak.
Lentera di Antara Dua Hati: Babak 5,2015,Drama,6.5,410,185029,Charles Gozali,"Nicholas Saputra, Reza Rahadian, Shenina Cinnamon","Dilema kehidupan cinta, keluarga, dan pengorbanan batin dalam memperjuangkan impian di tengah realitas sosial."
Janji di Batas Kota,2020,Drama,8.0,377,347291,Anggy Umbara,"Vino G. Bastian, Fedi Nuril","Dilema kehidupan cinta, keluarga, dan pengorbanan batin dalam memperjuangkan impian di tengah realitas sosial."
Mendadak Bos Santuy,2014,Komedi,6.2,238,88690,Kimo Stamboel,"Dian Sastrowardoyo, Pevita Pearce, Nicholas Saputra",Kekonyolan sekelompok pemuda yang terjerat masalah salah paham dan berusaha mencari jalan keluar dengan cara kocak.
Harapan di Antara Dua Hati,2006,Drama,6.6,466,576241,Joko Anwar,"Iqbaal Ramadhan, Jerome Kurnia","Dilema kehidupan cinta, keluarga, dan pengorbanan batin dalam memperjuangkan impian di tengah realitas sosial."
Cari Untung Bikin Pusing,2024,Komedi,6.2,449,474230,Kimo Stamboel,"Lukman Sardi, Aghniny Haque",Kekonyolan sekelompok pemuda yang terjerat masalah salah paham dan berusaha mencari jalan keluar dengan cara kocak.
Duka di Balik Jendela: Babak 3,2022,Drama,6.8,595,718652,Azhar Kinoi Lubis,"Mawar de Jongh, Vino G. Bastian, Lukman Sardi","Dilema kehidupan cinta, keluarga, dan pengorbanan batin dalam memperjuangkan impian di tengah realitas sosial."
Batas di Batas Kota,2026,Religi,7.3,463,288621,Riri Riza,"Rio Dewanto, Chelsea Islan, Tara Basro","Dilema kehidupan cinta, keluarga, dan pengorbanan batin dalam memperjuangkan impian di tengah realitas sosial."
Rintangan di Balik Jendela,2022,Romantis,6.5,444,266161,Kimo Stamboel,"Refal Hady, Iko Uwais","Dilema kehidupan cinta, keluarga, dan pengorbanan batin dalam memperjuangkan impian di tengah realitas sosial."
Perjanjian Pabrik Keramat,2015,Horor,7.1,208,345228,Timo Tjahjanto,"Christine Hakim, Iko Uwais",Teror kutukan mistis dan perjanjian gaib mengancam nyawa warga yang melanggar pantangan adat kuno.
Pesugihan Alas Jahanam,2017,Horor,5.4,289,732058,Kimo Stamboel,"Dian Sastrowardoyo, Laura Basuki",Teror kutukan mistis dan perjanjian gaib mengancam nyawa warga yang melanggar pantangan adat kuno.
Jeritan Pabrik Gaib,2003,Horor,6.5,435,378363,Rudi Soedjarwo,"Jefri Nichol, Iko Uwais, Angga Yunanda",Teror kutukan mistis dan perjanjian gaib mengancam nyawa warga yang melanggar pantangan adat kuno.
Lentera di Balik Jendela,2017,Drama,6.9,168,24096,Wregas Bhanuteja,"Muzakki Ramdhan, Adhisty Zara, Chelsea Islan","Dilema kehidupan cinta, keluarga, dan pengorbanan batin dalam memperjuangkan impian di tengah realitas sosial."
Kutukan Alas Leluhur,2014,Thriller,7.0,376,147298,Hadrah Daeng Ratu,"Chicco Jerikho, Shenina Cinnamon","Dilema kehidupan cinta, keluarga, dan pengorbanan batin dalam memperjuangkan impian di tengah realitas sosial."
Ngenes Abis,2022,Komedi,6.5,461,812145,Riri Riza,"Taskya Namya, Rio Dewanto, Muzakki Ramdhan",Kekonyolan sekelompok pemuda yang terjerat masalah salah paham dan berusaha mencari jalan keluar dengan cara kocak.
Jejak di Batas Kota,2023,Romantis,6.5,392,820778,Upi Avianto,"Laura Basuki, Taskya Namya, Bryan Domani","Dilema kehidupan cinta, keluarga, dan pengorbanan batin dalam memperjuangkan impian di tengah realitas sosial."
Harapan di Ujung Musim,2024,Drama,7.6,417,650954,Awi Suryadi,"Rio Dewanto, Lukman Sardi, Angga Yunanda","Dilema kehidupan cinta, keluarga, dan pengorbanan batin dalam memperjuangkan impian di tengah realitas sosial."
Rintangan di Batas Kota,2014,Romantis,7.2,411,121550,Bobby Prasetyo,"Vino G. Bastian, Tissa Biani, Muzakki Ramdhan","Dilema kehidupan cinta, keluarga, dan pengorbanan batin dalam memperjuangkan impian di tengah realitas sosial."
Hantu Gua Maut,2007,Horor,5.7,1090,2701857,Awi Suryadi,"Shenina Cinnamon, Joe Taslim",Teror kutukan mistis dan perjanjian gaib mengancam nyawa warga yang melanggar pantangan adat kuno.
Misteri Makam Keramat,2002,Horor,6.8,377,669422,Muhadkly Acho,"Tara Basro, Putri Marino",Teror kutukan mistis dan perjanjian gaib mengancam nyawa warga yang melanggar pantangan adat kuno.
Jeritan Alas Leluhur,2006,Horor,5.2,411,808784,Wregas Bhanuteja,"Angga Yunanda, Laura Basuki, Ario Bayu",Teror kutukan mistis dan perjanjian gaib mengancam nyawa warga yang melanggar pantangan adat kuno.
Duka di Antara Dua Hati: Babak 5,2025,Religi,6.9,359,154135,Rizal Mantovani,"Reza Rahadian, Refal Hady","Dilema kehidupan cinta, keluarga, dan pengorbanan batin dalam memperjuangkan impian di tengah realitas sosial."
Gokil Season,2003,Komedi,6.6,381,865668,Anggy Umbara,"Chelsea Islan, Vino G. Bastian",Kekonyolan sekelompok pemuda yang terjerat masalah salah paham dan berusaha mencari jalan keluar dengan cara kocak.
Misteri Lembah Maut,2017,Horor,6.4,721,1087596,Kamila Andini,"Shenina Cinnamon, Tissa Biani",Teror kutukan mistis dan perjanjian gaib mengancam nyawa warga yang melanggar pantangan adat kuno.
Dendam Gua Berdarah,2015,Horor,4.6,342,241216,Bayu Skak,"Christine Hakim, Nicholas Saputra",Teror kutukan mistis dan perjanjian gaib mengancam nyawa warga yang melanggar pantangan adat kuno.
Ngenes Keluarga,2008,Komedi,6.8,199,428284,Wregas Bhanuteja,"Muzakki Ramdhan, Dian Sastrowardoyo, Taskya Namya",Kekonyolan sekelompok pemuda yang terjerat masalah salah paham dan berusaha mencari jalan keluar dengan cara kocak.
Teror Sekolah Menjelang Fajar,2011,Horor,6.5,511,844913,Muhadkly Acho,"Iqbaal Ramadhan, Bryan Domani",Teror kutukan mistis dan perjanjian gaib mengancam nyawa warga yang melanggar pantangan adat kuno.
Cahaya di Ujung Musim: Babak 3,2003,Religi,6.2,370,46646,Ody C. Harahap,"Tara Basro, Dian Sastrowardoyo, Laura Basuki","Dilema kehidupan cinta, keluarga, dan pengorbanan batin dalam memperjuangkan impian di tengah realitas sosial."
Luka di Bumi Rafflesia,2005,Drama,6.9,338,669369,Rizal Mantovani,"Vino G. Bastian, Refal Hady","Dilema kehidupan cinta, keluarga, dan pengorbanan batin dalam memperjuangkan impian di tengah realitas sosial."
Rindu di Ujung Musim,2002,Drama,6.6,167,392316,Riri Riza,"Rio Dewanto, Pevita Pearce, Aghniny Haque","Dilema kehidupan cinta, keluarga, dan pengorbanan batin dalam memperjuangkan impian di tengah realitas sosial."
Misteri Danau Berdarah,2010,Horor,6.5,516,593160,Kimo Stamboel,"Reza Rahadian, Joe Taslim, Jerome Kurnia",Teror kutukan mistis dan perjanjian gaib mengancam nyawa warga yang melanggar pantangan adat kuno.
Surat di Antara Dua Hati,2017,Drama,7.4,238,458006,Charles Gozali,"Pevita Pearce, Nicholas Saputra, Rio Dewanto","Dilema kehidupan cinta, keluarga, dan pengorbanan batin dalam memperjuangkan impian di tengah realitas sosial."
Ritual Hutan Hitam,2016,Horor,5.8,204,250839,Timo Tjahjanto,"Tissa Biani, Joe Taslim, Marsha Timothy",Teror kutukan mistis dan perjanjian gaib mengancam nyawa warga yang melanggar pantangan adat kuno.
Lentera di Ujung Musim,2024,Religi,6.9,1124,2024659,Charles Gozali,"Nicholas Saputra, Vino G. Bastian","Dilema kehidupan cinta, keluarga, dan pengorbanan batin dalam memperjuangkan impian di tengah realitas sosial."
Hantu Alas Menjelang Fajar,2002,Horor,6.5,464,800612,Ody C. Harahap,"Iko Uwais, Bryan Domani, Shenina Cinnamon",Teror kutukan mistis dan perjanjian gaib mengancam nyawa warga yang melanggar pantangan adat kuno.
Santet Pantai Terkutuk,2012,Horor,5.7,513,985433,Muhadkly Acho,"Tissa Biani, Slamet Rahardjo, Putri Marino",Teror kutukan mistis dan perjanjian gaib mengancam nyawa warga yang melanggar pantangan adat kuno.
Konspirasi 88 24 Jam,2017,Action,7.0,391,153046,Guntur Soeharjanto,"Tissa Biani, Muzakki Ramdhan, Fedi Nuril",Penyelidikan kasus konspirasi kriminal bawah tanah berujung baku tembak sengit dan pertarungan mempertaruhkan nyawa.
Senja di Batas Kota,2006,Drama,6.5,342,356971,Baim Wong,"Rio Dewanto, Taskya Namya, Mawar de Jongh","Dilema kehidupan cinta, keluarga, dan pengorbanan batin dalam memperjuangkan impian di tengah realitas sosial."
Tumbal Gua Terkutuk,2002,Horor,6.6,868,1752707,Sidharta Tata,"Ario Bayu, Pevita Pearce, Bryan Domani",Teror kutukan mistis dan perjanjian gaib mengancam nyawa warga yang melanggar pantangan adat kuno.
Janji di Bawah Langit,2007,Religi,7.8,242,461497,Muhadkly Acho,"Dian Sastrowardoyo, Bryan Domani","Dilema kehidupan cinta, keluarga, dan pengorbanan batin dalam memperjuangkan impian di tengah realitas sosial."
Tumbal Pantai Menjelang Fajar,2015,Horor,5.5,388,139319,Charles Gozali,"Shenina Cinnamon, Mawar de Jongh, Putri Marino",Teror kutukan mistis dan perjanjian gaib mengancam nyawa warga yang melanggar pantangan adat kuno.
Geng Part 2,2004,Komedi,6.9,885,2037631,Wregas Bhanuteja,"Tissa Biani, Reza Rahadian",Kekonyolan sekelompok pemuda yang terjerat masalah salah paham dan berusaha mencari jalan keluar dengan cara kocak.
Jeritan Pabrik Maut,2002,Horor,6.2,219,167957,Riri Riza,"Joe Taslim, Tissa Biani, Slamet Rahardjo",Teror kutukan mistis dan perjanjian gaib mengancam nyawa warga yang melanggar pantangan adat kuno.
Dendam Alas Kuno,2012,Horor,6.1,300,248733,Bayu Skak,"Prilly Latuconsina, Shenina Cinnamon, Julie Estelle",Teror kutukan mistis dan perjanjian gaib mengancam nyawa warga yang melanggar pantangan adat kuno.
Misteri Hutan Gaib,2024,Horor,5.5,384,290856,Bobby Prasetyo,"Laura Basuki, Refal Hady",Teror kutukan mistis dan perjanjian gaib mengancam nyawa warga yang melanggar pantangan adat kuno.
Luka di Antara Dua Hati,2023,Romantis,6.2,784,984842,Guntur Soeharjanto,"Tara Basro, Slamet Rahardjo, Muzakki Ramdhan","Dilema kehidupan cinta, keluarga, dan pengorbanan batin dalam memperjuangkan impian di tengah realitas sosial."
Melodi di Bawah Langit,2025,Drama,6.8,148,284115,Ody C. Harahap,"Chicco Jerikho, Nicholas Saputra","Dilema kehidupan cinta, keluarga, dan pengorbanan batin dalam memperjuangkan impian di tengah realitas sosial."
Kepingan di Balik Jendela,2007,Religi,6.6,324,469685,Kamila Andini,"Refal Hady, Taskya Namya","Dilema kehidupan cinta, keluarga, dan pengorbanan batin dalam memperjuangkan impian di tengah realitas sosial."
Surat di Sudut Ibu Kota,2022,Religi,7.2,754,1241116,Muhadkly Acho,"Christine Hakim, Jerome Kurnia","Dilema kehidupan cinta, keluarga, dan pengorbanan batin dalam memperjuangkan impian di tengah realitas sosial."
Pesugihan Rumah Terkutuk,2014,Horor,6.2,354,179592,Monty Tiwa,"Aghniny Haque, Reza Rahadian",Teror kutukan mistis dan perjanjian gaib mengancam nyawa warga yang melanggar pantangan adat kuno.
Kacau Santuy,2015,Komedi,7.2,534,454475,Hanung Bramantyo,"Taskya Namya, Refal Hady, Laura Basuki",Kekonyolan sekelompok pemuda yang terjerat masalah salah paham dan berusaha mencari jalan keluar dengan cara kocak.
Pelukan di Batas Kota,2022,Drama,7.3,248,178282,Bobby Prasetyo,"Ario Bayu, Vino G. Bastian, Refal Hady","Dilema kehidupan cinta, keluarga, dan pengorbanan batin dalam memperjuangkan impian di tengah realitas sosial."
Perjanjian Desa Keramat,2010,Horor,5.2,723,865162,Kamila Andini,"Fedi Nuril, Aghniny Haque, Muzakki Ramdhan",Teror kutukan mistis dan perjanjian gaib mengancam nyawa warga yang melanggar pantangan adat kuno.
Hantu Lembah Leluhur,2008,Thriller,7.2,119,130977,Ody C. Harahap,"Jefri Nichol, Fedi Nuril, Lukman Sardi","Dilema kehidupan cinta, keluarga, dan pengorbanan batin dalam memperjuangkan impian di tengah realitas sosial."
Tumbal Danau Jahanam,2021,Horor,7.1,442,488774,Ernest Prakasa,"Tara Basro, Iqbaal Ramadhan, Laura Basuki",Teror kutukan mistis dan perjanjian gaib mengancam nyawa warga yang melanggar pantangan adat kuno.
Target Buron Terakhir,2012,Action,7.0,263,110413,Ernest Prakasa,"Marsha Timothy, Lukman Sardi",Penyelidikan kasus konspirasi kriminal bawah tanah berujung baku tembak sengit dan pertarungan mempertaruhkan nyawa.
Cari Untung Santuy,2005,Komedi,6.9,502,867665,Monty Tiwa,"Iko Uwais, Vino G. Bastian, Nicholas Saputra",Kekonyolan sekelompok pemuda yang terjerat masalah salah paham dan berusaha mencari jalan keluar dengan cara kocak.
Misteri Danau Hitam,2026,Horor,5.4,301,258645,Ernest Prakasa,"Pevita Pearce, Prilly Latuconsina, Iqbaal Ramadhan",Teror kutukan mistis dan perjanjian gaib mengancam nyawa warga yang melanggar pantangan adat kuno.
Melodi di Ujung Musim,2015,Drama,7.5,1266,2089225,Charles Gozali,"Prilly Latuconsina, Aghniny Haque","Dilema kehidupan cinta, keluarga, dan pengorbanan batin dalam memperjuangkan impian di tengah realitas sosial."
Melodi di Bumi Rafflesia,2025,Drama,6.6,313,118403,Nayato Fio Nuala,"Mawar de Jongh, Laura Basuki, Adhisty Zara","Dilema kehidupan cinta, keluarga, dan pengorbanan batin dalam memperjuangkan impian di tengah realitas sosial."
Surat di Bawah Langit,2013,Drama,7.4,288,58338,Ody C. Harahap,"Tara Basro, Vino G. Bastian, Slamet Rahardjo","Dilema kehidupan cinta, keluarga, dan pengorbanan batin dalam memperjuangkan impian di tengah realitas sosial."
Rindu di Balik Jendela,2025,Religi,8.9,511,435553,Nayato Fio Nuala,"Bryan Domani, Slamet Rahardjo","Dilema kehidupan cinta, keluarga, dan pengorbanan batin dalam memperjuangkan impian di tengah realitas sosial."
Jeritan Alas Maut,2005,Horor,5.7,553,880651,Hadrah Daeng Ratu,"Nicholas Saputra, Refal Hady, Fedi Nuril",Teror kutukan mistis dan perjanjian gaib mengancam nyawa warga yang melanggar pantangan adat kuno.
Petualangan Si Bolang 2004,2004,Animasi,7.4,301,144345,Fajar Nugros,"Aghniny Haque, Putri Marino",Petualangan fantasi penuh warna anak-anak pemberani menjelajahi alam Nusantara untuk menyelamatkan pusaka leluhur.
Mendadak Bos Season,2010,Komedi,7.6,436,290858,Rizal Mantovani,"Chelsea Islan, Shenina Cinnamon, Lukman Sardi",Kekonyolan sekelompok pemuda yang terjerat masalah salah paham dan berusaha mencari jalan keluar dengan cara kocak.
Rintangan di Sudut Ibu Kota,2021,Drama,7.5,374,530132,Awi Suryadi,"Nicholas Saputra, Reza Rahadian","Dilema kehidupan cinta, keluarga, dan pengorbanan batin dalam memperjuangkan impian di tengah realitas sosial."
Harapan di Sudut Ibu Kota,2026,Drama,7.1,603,1717662,Hadrah Daeng Ratu,"Vino G. Bastian, Rio Dewanto","Dilema kehidupan cinta, keluarga, dan pengorbanan batin dalam memperjuangkan impian di tengah realitas sosial."
Jodoh Nyasar Lagi,2004,Komedi,5.5,686,848713,Riri Riza,"Slamet Rahardjo, Aghniny Haque, Iqbaal Ramadhan",Kekonyolan sekelompok pemuda yang terjerat masalah salah paham dan berusaha mencari jalan keluar dengan cara kocak.
Teror Pantai Gaib,2025,Thriller,6.6,388,124879,Guntur Soeharjanto,"Iko Uwais, Vino G. Bastian","Dilema kehidupan cinta, keluarga, dan pengorbanan batin dalam memperjuangkan impian di tengah realitas sosial."
Serigala Malam Jakarta,2014,Action,6.8,248,253545,Riri Riza,"Pevita Pearce, Dian Sastrowardoyo, Joe Taslim",Penyelidikan kasus konspirasi kriminal bawah tanah berujung baku tembak sengit dan pertarungan mempertaruhkan nyawa.
Mertua Galak Santuy,2016,Komedi,7.1,369,169657,Anggy Umbara,"Nicholas Saputra, Iko Uwais",Kekonyolan sekelompok pemuda yang terjerat masalah salah paham dan berusaha mencari jalan keluar dengan cara kocak.
Rindu di Balik Jendela: Babak 5,2014,Religi,7.6,541,404058,Bobby Prasetyo,"Adhisty Zara, Prilly Latuconsina","Dilema kehidupan cinta, keluarga, dan pengorbanan batin dalam memperjuangkan impian di tengah realitas sosial."
Pelukan di Balik Jendela,2004,Romantis,7.1,248,60755,Baim Wong,"Iko Uwais, Julie Estelle, Prilly Latuconsina","Dilema kehidupan cinta, keluarga, dan pengorbanan batin dalam memperjuangkan impian di tengah realitas sosial."
Jeritan Pantai Maut,2016,Horor,5.1,406,434526,Kamila Andini,"Ario Bayu, Shenina Cinnamon",Teror kutukan mistis dan perjanjian gaib mengancam nyawa warga yang melanggar pantangan adat kuno.
Rindu di Bawah Langit,2017,Religi,6.7,411,523345,Upi Avianto,"Tara Basro, Adhisty Zara, Angga Yunanda","Dilema kehidupan cinta, keluarga, dan pengorbanan batin dalam memperjuangkan impian di tengah realitas sosial."
Rintangan di Bawah Langit,2018,Drama,8.7,340,342464,Joko Anwar,"Muzakki Ramdhan, Rio Dewanto, Nicholas Saputra","Dilema kehidupan cinta, keluarga, dan pengorbanan batin dalam memperjuangkan impian di tengah realitas sosial."
Ritual Rumah Leluhur,2002,Horor,7.8,295,581316,Fajar Bustomi,"Taskya Namya, Julie Estelle",Teror kutukan mistis dan perjanjian gaib mengancam nyawa warga yang melanggar pantangan adat kuno.
Santet Pantai Leluhur,2008,Horor,6.8,959,1505345,Rizal Mantovani,"Reza Rahadian, Shenina Cinnamon",Teror kutukan mistis dan perjanjian gaib mengancam nyawa warga yang melanggar pantangan adat kuno.
Kematian Gua Leluhur,2004,Horor,6.0,414,677469,Ody C. Harahap,"Lukman Sardi, Aghniny Haque",Teror kutukan mistis dan perjanjian gaib mengancam nyawa warga yang melanggar pantangan adat kuno.
Arwah Danau Berdarah,2021,Horor,6.4,268,594940,Kimo Stamboel,"Lukman Sardi, Vino G. Bastian",Teror kutukan mistis dan perjanjian gaib mengancam nyawa warga yang melanggar pantangan adat kuno.
Ritual Pabrik Kegelapan,2021,Horor,6.2,507,523111,Sidharta Tata,"Vino G. Bastian, Laura Basuki, Aghniny Haque",Teror kutukan mistis dan perjanjian gaib mengancam nyawa warga yang melanggar pantangan adat kuno.
Piknik Bencana Keluarga,2012,Komedi,6.5,635,794479,Charles Gozali,"Chicco Jerikho, Fedi Nuril, Aghniny Haque",Kekonyolan sekelompok pemuda yang terjerat masalah salah paham dan berusaha mencari jalan keluar dengan cara kocak.
Senja di Bumi Rafflesia,2002,Drama,7.2,177,162810,Ody C. Harahap,"Chicco Jerikho, Jerome Kurnia","Dilema kehidupan cinta, keluarga, dan pengorbanan batin dalam memperjuangkan impian di tengah realitas sosial."
Janji di Batas Kota: Babak 3,2024,Drama,7.6,308,52321,Yandy Laurens,"Iqbaal Ramadhan, Iko Uwais, Julie Estelle","Dilema kehidupan cinta, keluarga, dan pengorbanan batin dalam memperjuangkan impian di tengah realitas sosial."
Penglaris Pantai Terkutuk,2022,Horor,6.9,622,1318187,Fajar Nugros,"Tissa Biani, Bryan Domani",Teror kutukan mistis dan perjanjian gaib mengancam nyawa warga yang melanggar pantangan adat kuno.
Dendam Asrama Menjelang Fajar,2021,Horor,5.3,483,406567,Yandy Laurens,"Fedi Nuril, Julie Estelle, Lukman Sardi",Teror kutukan mistis dan perjanjian gaib mengancam nyawa warga yang melanggar pantangan adat kuno.
Kepingan di Antara Dua Hati,2018,Drama,7.6,432,682013,Sidharta Tata,"Jefri Nichol, Aghniny Haque","Dilema kehidupan cinta, keluarga, dan pengorbanan batin dalam memperjuangkan impian di tengah realitas sosial."
Harapan di Bumi Rafflesia: Babak 4,2020,Drama,7.6,634,1146834,Bayu Skak,"Dian Sastrowardoyo, Prilly Latuconsina","Dilema kehidupan cinta, keluarga, dan pengorbanan batin dalam memperjuangkan impian di tengah realitas sosial."
Melodi di Bumi Rafflesia: Babak 4,2003,Romantis,7.0,105,73924,Kimo Stamboel,"Christine Hakim, Chelsea Islan, Dian Sastrowardoyo","Dilema kehidupan cinta, keluarga, dan pengorbanan batin dalam memperjuangkan impian di tengah realitas sosial."
Piknik Bencana Lagi,2016,Komedi,7.8,587,396781,Monty Tiwa,"Slamet Rahardjo, Bryan Domani, Iqbaal Ramadhan",Kekonyolan sekelompok pemuda yang terjerat masalah salah paham dan berusaha mencari jalan keluar dengan cara kocak.
Geng Season,2012,Komedi,6.5,289,129470,Bobby Prasetyo,"Chelsea Islan, Mawar de Jongh, Prilly Latuconsina",Kekonyolan sekelompok pemuda yang terjerat masalah salah paham dan berusaha mencari jalan keluar dengan cara kocak.
Harapan di Antara Dua Hati: Babak 3,2006,Religi,6.9,938,2713878,Bayu Skak,"Nicholas Saputra, Christine Hakim, Muzakki Ramdhan","Dilema kehidupan cinta, keluarga, dan pengorbanan batin dalam memperjuangkan impian di tengah realitas sosial."
Penglaris Gua Kegelapan,2009,Horor,5.2,455,913768,Kimo Stamboel,"Fedi Nuril, Mawar de Jongh, Tissa Biani",Teror kutukan mistis dan perjanjian gaib mengancam nyawa warga yang melanggar pantangan adat kuno.
Bayang Baja Khatulistiwa,2016,Action,6.6,432,473662,Monty Tiwa,"Julie Estelle, Iko Uwais",Penyelidikan kasus konspirasi kriminal bawah tanah berujung baku tembak sengit dan pertarungan mempertaruhkan nyawa.
Arwah Desa Kegelapan,2014,Horor,5.7,301,178384,Hadrah Daeng Ratu,"Fedi Nuril, Ario Bayu, Taskya Namya",Teror kutukan mistis dan perjanjian gaib mengancam nyawa warga yang melanggar pantangan adat kuno.
Harapan di Ujung Musim: Babak 5,2014,Romantis,7.4,208,193339,Joko Anwar,"Shenina Cinnamon, Jefri Nichol, Chelsea Islan","Dilema kehidupan cinta, keluarga, dan pengorbanan batin dalam memperjuangkan impian di tengah realitas sosial."
Ritual Rumah Jahanam,2025,Horor,7.0,197,401056,Joko Anwar,"Julie Estelle, Pevita Pearce",Teror kutukan mistis dan perjanjian gaib mengancam nyawa warga yang melanggar pantangan adat kuno.
Cari Untung Abis,2024,Komedi,6.1,387,540632,Sidharta Tata,"Christine Hakim, Nicholas Saputra",Kekonyolan sekelompok pemuda yang terjerat masalah salah paham dan berusaha mencari jalan keluar dengan cara kocak.
Kutukan Pabrik Hitam,2004,Horor,6.0,642,979681,Rizal Mantovani,"Adhisty Zara, Fedi Nuril, Angga Yunanda",Teror kutukan mistis dan perjanjian gaib mengancam nyawa warga yang melanggar pantangan adat kuno.
Cahaya di Bumi Rafflesia,2008,Romantis,6.6,293,392023,Riri Riza,"Ario Bayu, Taskya Namya","Dilema kehidupan cinta, keluarga, dan pengorbanan batin dalam memperjuangkan impian di tengah realitas sosial."
Jeritan Pabrik Gaib: Babak 3,2023,Horor,5.8,160,219471,Hanung Bramantyo,"Angga Yunanda, Fedi Nuril, Prilly Latuconsina",Teror kutukan mistis dan perjanjian gaib mengancam nyawa warga yang melanggar pantangan adat kuno.
Gokil Santuy,2016,Komedi,6.5,326,455589,Upi Avianto,"Angga Yunanda, Tara Basro",Kekonyolan sekelompok pemuda yang terjerat masalah salah paham dan berusaha mencari jalan keluar dengan cara kocak.
Lentera di Sudut Ibu Kota: Babak 2,2018,Religi,6.7,256,232581,Bobby Prasetyo,"Fedi Nuril, Jerome Kurnia, Laura Basuki","Dilema kehidupan cinta, keluarga, dan pengorbanan batin dalam memperjuangkan impian di tengah realitas sosial."
Kepingan di Batas Kota,2008,Drama,7.2,262,24295,Charles Gozali,"Tissa Biani, Aghniny Haque","Dilema kehidupan cinta, keluarga, dan pengorbanan batin dalam memperjuangkan impian di tengah realitas sosial."
Hantu Danau Menjelang Fajar,2014,Horor,5.2,158,335634,Wregas Bhanuteja,"Pevita Pearce, Bryan Domani, Tissa Biani",Teror kutukan mistis dan perjanjian gaib mengancam nyawa warga yang melanggar pantangan adat kuno.
Harapan di Sudut Ibu Kota: Babak 5,2012,Drama,7.4,125,95084,Kimo Stamboel,"Refal Hady, Vino G. Bastian, Rio Dewanto","Dilema kehidupan cinta, keluarga, dan pengorbanan batin dalam memperjuangkan impian di tengah realitas sosial."
Teror Sekolah Keramat,2013,Horor,6.8,348,683833,Riri Riza,"Taskya Namya, Iqbaal Ramadhan, Tissa Biani",Teror kutukan mistis dan perjanjian gaib mengancam nyawa warga yang melanggar pantangan adat kuno.
Jejak di Bumi Rafflesia,2020,Drama,7.0,275,144215,Wregas Bhanuteja,"Nicholas Saputra, Shenina Cinnamon, Aghniny Haque","Dilema kehidupan cinta, keluarga, dan pengorbanan batin dalam memperjuangkan impian di tengah realitas sosial."
Penglaris Lembah Berdarah,2025,Horor,6.1,638,1050699,Angga Dwimas Sasongko,"Vino G. Bastian, Reza Rahadian, Chicco Jerikho",Teror kutukan mistis dan perjanjian gaib mengancam nyawa warga yang melanggar pantangan adat kuno.
Arwah Makam Gaib,2002,Horor,5.1,575,1539091,Rudi Soedjarwo,"Reza Rahadian, Jerome Kurnia, Marsha Timothy",Teror kutukan mistis dan perjanjian gaib mengancam nyawa warga yang melanggar pantangan adat kuno.
Pelukan di Antara Dua Hati,2006,Drama,5.8,496,251200,Muhadkly Acho,"Iqbaal Ramadhan, Angga Yunanda","Dilema kehidupan cinta, keluarga, dan pengorbanan batin dalam memperjuangkan impian di tengah realitas sosial."
Petualangan Si Bolang 2014,2014,Animasi,7.3,414,96042,Fajar Bustomi,"Christine Hakim, Bryan Domani, Ario Bayu",Petualangan fantasi penuh warna anak-anak pemberani menjelajahi alam Nusantara untuk menyelamatkan pusaka leluhur.
Hantu Alas Menjelang Fajar: Babak 3,2004,Horor,6.3,484,734964,Guntur Soeharjanto,"Tara Basro, Mawar de Jongh",Teror kutukan mistis dan perjanjian gaib mengancam nyawa warga yang melanggar pantangan adat kuno.
Kutukan Asrama Gaib: Babak 5,2014,Horor,6.4,418,483764,Upi Avianto,"Marsha Timothy, Tara Basro, Jefri Nichol",Teror kutukan mistis dan perjanjian gaib mengancam nyawa warga yang melanggar pantangan adat kuno.
Luka di Sudut Ibu Kota: Babak 3,2012,Romantis,7.4,964,1813620,Yandy Laurens,"Dian Sastrowardoyo, Refal Hady","Dilema kehidupan cinta, keluarga, dan pengorbanan batin dalam memperjuangkan impian di tengah realitas sosial."
Jodoh Nyasar Season,2025,Komedi,6.6,346,59174,Nayato Fio Nuala,"Putri Marino, Julie Estelle",Kekonyolan sekelompok pemuda yang terjerat masalah salah paham dan berusaha mencari jalan keluar dengan cara kocak.
Petualangan Rimbaraya 2008,2008,Animasi,7.4,192,233284,Nayato Fio Nuala,"Christine Hakim, Pevita Pearce, Angga Yunanda",Petualangan fantasi penuh warna anak-anak pemberani menjelajahi alam Nusantara untuk menyelamatkan pusaka leluhur.
Jeritan Kamar Leluhur: Babak 5,2015,Horor,6.4,451,509061,Angga Dwimas Sasongko,"Chelsea Islan, Taskya Namya",Teror kutukan mistis dan perjanjian gaib mengancam nyawa warga yang melanggar pantangan adat kuno.
Misteri Sekolah Kegelapan,2019,Horor,5.7,295,381929,Sidharta Tata,"Muzakki Ramdhan, Dian Sastrowardoyo, Bryan Domani",Teror kutukan mistis dan perjanjian gaib mengancam nyawa warga yang melanggar pantangan adat kuno.
Penglaris Alas Leluhur,2009,Horor,6.6,246,374781,Upi Avianto,"Chicco Jerikho, Dian Sastrowardoyo, Chelsea Islan",Teror kutukan mistis dan perjanjian gaib mengancam nyawa warga yang melanggar pantangan adat kuno.
Santet Asrama Menjelang Fajar: Babak 3,2005,Horor,7.1,899,3187248,Bayu Skak,"Shenina Cinnamon, Julie Estelle",Teror kutukan mistis dan perjanjian gaib mengancam nyawa warga yang melanggar pantangan adat kuno.
Tumbal Rumah Berdarah,2004,Horor,5.9,886,1350224,Kimo Stamboel,"Aghniny Haque, Chelsea Islan",Teror kutukan mistis dan perjanjian gaib mengancam nyawa warga yang melanggar pantangan adat kuno.
Misteri Hutan Berdarah: Babak 2,2026,Horor,7.1,685,631973,Ody C. Harahap,"Chicco Jerikho, Reza Rahadian, Nicholas Saputra",Teror kutukan mistis dan perjanjian gaib mengancam nyawa warga yang melanggar pantangan adat kuno.
Gokil Season: Babak 3,2019,Komedi,5.9,265,596221,Angga Dwimas Sasongko,"Ario Bayu, Rio Dewanto, Julie Estelle",Kekonyolan sekelompok pemuda yang terjerat masalah salah paham dan berusaha mencari jalan keluar dengan cara kocak.
Kutukan Alas Jahanam,2017,Thriller,6.4,236,53207,Upi Avianto,"Laura Basuki, Jefri Nichol, Nicholas Saputra","Dilema kehidupan cinta, keluarga, dan pengorbanan batin dalam memperjuangkan impian di tengah realitas sosial."
Rindu di Batas Kota: Babak 5,2023,Romantis,7.1,525,348727,Ody C. Harahap,"Nicholas Saputra, Adhisty Zara, Marsha Timothy","Dilema kehidupan cinta, keluarga, dan pengorbanan batin dalam memperjuangkan impian di tengah realitas sosial."
Kutukan Pabrik Jahanam,2005,Horor,6.1,316,306734,Angga Dwimas Sasongko,"Fedi Nuril, Adhisty Zara, Mawar de Jongh",Teror kutukan mistis dan perjanjian gaib mengancam nyawa warga yang melanggar pantangan adat kuno.
Serangan Balik Sektor 9,2025,Action,5.3,446,207624,Hanung Bramantyo,"Jefri Nichol, Jerome Kurnia",Penyelidikan kasus konspirasi kriminal bawah tanah berujung baku tembak sengit dan pertarungan mempertaruhkan nyawa.
Pelukan di Balik Jendela: Babak 3,2015,Romantis,7.3,585,898792,Azhar Kinoi Lubis,"Rio Dewanto, Iko Uwais, Shenina Cinnamon","Dilema kehidupan cinta, keluarga, dan pengorbanan batin dalam memperjuangkan impian di tengah realitas sosial."
Bikin Ribet Season,2020,Komedi,7.4,215,165433,Timo Tjahjanto,"Chelsea Islan, Slamet Rahardjo, Vino G. Bastian",Kekonyolan sekelompok pemuda yang terjerat masalah salah paham dan berusaha mencari jalan keluar dengan cara kocak.
Jejak di Sudut Ibu Kota: Babak 3,2013,Romantis,7.6,213,24974,Nayato Fio Nuala,"Jefri Nichol, Adhisty Zara","Dilema kehidupan cinta, keluarga, dan pengorbanan batin dalam memperjuangkan impian di tengah realitas sosial."
Perjanjian Makam Menjelang Fajar,2021,Horor,6.2,871,2487171,Rizal Mantovani,"Angga Yunanda, Lukman Sardi",Teror kutukan mistis dan perjanjian gaib mengancam nyawa warga yang melanggar pantangan adat kuno.
Cari Untung Bikin Pusing: Babak 3,2011,Komedi,6.8,357,565106,Riri Riza,"Putri Marino, Muzakki Ramdhan, Bryan Domani",Kekonyolan sekelompok pemuda yang terjerat masalah salah paham dan berusaha mencari jalan keluar dengan cara kocak.
Santet Sekolah Menjelang Fajar,2021,Horor,7.1,161,229943,Ernest Prakasa,"Reza Rahadian, Prilly Latuconsina",Teror kutukan mistis dan perjanjian gaib mengancam nyawa warga yang melanggar pantangan adat kuno.
Arwah Asrama Kuno,2011,Horor,7.0,281,352682,Ody C. Harahap,"Tara Basro, Ario Bayu",Teror kutukan mistis dan perjanjian gaib mengancam nyawa warga yang melanggar pantangan adat kuno.
Modal Nekat Abis,2013,Komedi,6.6,378,167980,Nayato Fio Nuala,"Aghniny Haque, Julie Estelle",Kekonyolan sekelompok pemuda yang terjerat masalah salah paham dan berusaha mencari jalan keluar dengan cara kocak.
Santet Kamar Keramat,2009,Horor,5.9,393,770366,Yandy Laurens,"Tissa Biani, Julie Estelle, Lukman Sardi",Teror kutukan mistis dan perjanjian gaib mengancam nyawa warga yang melanggar pantangan adat kuno.
Luka di Ujung Musim,2019,Romantis,7.0,330,534855,Fajar Nugros,"Adhisty Zara, Bryan Domani, Prilly Latuconsina","Dilema kehidupan cinta, keluarga, dan pengorbanan batin dalam memperjuangkan impian di tengah realitas sosial."
Duka di Bumi Rafflesia,2020,Religi,7.9,406,107883,Awi Suryadi,"Bryan Domani, Putri Marino","Dilema kehidupan cinta, keluarga, dan pengorbanan batin dalam memperjuangkan impian di tengah realitas sosial."
Jejak di Bumi Rafflesia: Babak 3,2024,Romantis,7.6,687,1176298,Monty Tiwa,"Rio Dewanto, Mawar de Jongh, Adhisty Zara","Dilema kehidupan cinta, keluarga, dan pengorbanan batin dalam memperjuangkan impian di tengah realitas sosial."
Jeritan Gua Keramat,2006,Horor,6.1,351,734226,Guntur Soeharjanto,"Dian Sastrowardoyo, Angga Yunanda, Bryan Domani",Teror kutukan mistis dan perjanjian gaib mengancam nyawa warga yang melanggar pantangan adat kuno.
Harapan di Sudut Ibu Kota: Babak 3,2005,Religi,6.8,331,430451,Rudi Soedjarwo,"Aghniny Haque, Jerome Kurnia","Dilema kehidupan cinta, keluarga, dan pengorbanan batin dalam memperjuangkan impian di tengah realitas sosial."
Ritual Pabrik Maut,2024,Horor,5.6,642,1569604,Anggy Umbara,"Nicholas Saputra, Refal Hady",Teror kutukan mistis dan perjanjian gaib mengancam nyawa warga yang melanggar pantangan adat kuno.
Ngenes Lagi,2006,Komedi,5.8,406,359414,Ody C. Harahap,"Pevita Pearce, Shenina Cinnamon, Bryan Domani",Kekonyolan sekelompok pemuda yang terjerat masalah salah paham dan berusaha mencari jalan keluar dengan cara kocak.
Rintangan di Bawah Langit: Babak 3,2014,Drama,7.0,479,524000,Baim Wong,"Julie Estelle, Nicholas Saputra, Reza Rahadian","Dilema kehidupan cinta, keluarga, dan pengorbanan batin dalam memperjuangkan impian di tengah realitas sosial."
Batas di Bumi Rafflesia: Babak 5,2010,Drama,7.7,363,780018,Azhar Kinoi Lubis,"Slamet Rahardjo, Putri Marino, Lukman Sardi","Dilema kehidupan cinta, keluarga, dan pengorbanan batin dalam memperjuangkan impian di tengah realitas sosial."
Hantu Lembah Berdarah,2021,Horor,5.9,506,395921,Hanung Bramantyo,"Prilly Latuconsina, Lukman Sardi",Teror kutukan mistis dan perjanjian gaib mengancam nyawa warga yang melanggar pantangan adat kuno.
Rintangan di Bawah Langit: Babak 4,2023,Drama,7.0,364,343988,Fajar Bustomi,"Refal Hady, Pevita Pearce","Dilema kehidupan cinta, keluarga, dan pengorbanan batin dalam memperjuangkan impian di tengah realitas sosial."
Penglaris Makam Kuno,2020,Horor,5.7,401,295542,Rudi Soedjarwo,"Vino G. Bastian, Mawar de Jongh, Tara Basro",Teror kutukan mistis dan perjanjian gaib mengancam nyawa warga yang melanggar pantangan adat kuno.
Jejak di Sudut Ibu Kota: Babak 5,2006,Drama,7.0,417,526211,Bayu Skak,"Joe Taslim, Bryan Domani","Dilema kehidupan cinta, keluarga, dan pengorbanan batin dalam memperjuangkan impian di tengah realitas sosial."
Ngenes Keluarga: Babak 3,2012,Komedi,6.1,331,77523,Azhar Kinoi Lubis,"Bryan Domani, Pevita Pearce",Kekonyolan sekelompok pemuda yang terjerat masalah salah paham dan berusaha mencari jalan keluar dengan cara kocak.
Kepingan di Batas Kota: Babak 5,2016,Drama,7.4,377,919005,Charles Gozali,"Joe Taslim, Putri Marino, Rio Dewanto","Dilema kehidupan cinta, keluarga, dan pengorbanan batin dalam memperjuangkan impian di tengah realitas sosial."
Mendadak Bos Total,2026,Komedi,6.5,144,114043,Ody C. Harahap,"Shenina Cinnamon, Putri Marino",Kekonyolan sekelompok pemuda yang terjerat masalah salah paham dan berusaha mencari jalan keluar dengan cara kocak.
Jeritan Hutan Iblis,2020,Horor,6.0,783,1147889,Baim Wong,"Prilly Latuconsina, Iqbaal Ramadhan",Teror kutukan mistis dan perjanjian gaib mengancam nyawa warga yang melanggar pantangan adat kuno.
Misteri Alas Terkutuk,2025,Horor,5.4,216,252680,Nayato Fio Nuala,"Lukman Sardi, Iko Uwais, Bryan Domani",Teror kutukan mistis dan perjanjian gaib mengancam nyawa warga yang melanggar pantangan adat kuno.
Rindu di Bumi Rafflesia,2020,Drama,7.3,181,334746,Guntur Soeharjanto,"Refal Hady, Tara Basro, Marsha Timothy","Dilema kehidupan cinta, keluarga, dan pengorbanan batin dalam memperjuangkan impian di tengah realitas sosial."
Melodi di Bumi Rafflesia: Babak 5,2022,Drama,7.2,402,140634,Baim Wong,"Iqbaal Ramadhan, Laura Basuki, Prilly Latuconsina","Dilema kehidupan cinta, keluarga, dan pengorbanan batin dalam memperjuangkan impian di tengah realitas sosial."
Penglaris Alas Iblis,2017,Horor,5.7,374,223338,Rudi Soedjarwo,"Joe Taslim, Taskya Namya, Tara Basro",Teror kutukan mistis dan perjanjian gaib mengancam nyawa warga yang melanggar pantangan adat kuno.
Hantu Rumah Kuno,2022,Horor,6.2,382,463274,Nayato Fio Nuala,"Iqbaal Ramadhan, Aghniny Haque, Iko Uwais",Teror kutukan mistis dan perjanjian gaib mengancam nyawa warga yang melanggar pantangan adat kuno.
Tumbal Desa Gaib,2007,Horor,6.5,1015,1619587,Bayu Skak,"Chelsea Islan, Joe Taslim, Aghniny Haque",Teror kutukan mistis dan perjanjian gaib mengancam nyawa warga yang melanggar pantangan adat kuno.
Kutukan Alas Leluhur: Babak 2,2020,Horor,5.2,536,726748,Yandy Laurens,"Angga Yunanda, Ario Bayu",Teror kutukan mistis dan perjanjian gaib mengancam nyawa warga yang melanggar pantangan adat kuno.
Kematian Lembah Terkutuk,2007,Horor,7.3,362,243791,Rudi Soedjarwo,"Fedi Nuril, Chicco Jerikho",Teror kutukan mistis dan perjanjian gaib mengancam nyawa warga yang melanggar pantangan adat kuno.
Penglaris Desa Keramat,2016,Horor,5.7,137,224173,Hadrah Daeng Ratu,"Vino G. Bastian, Marsha Timothy",Teror kutukan mistis dan perjanjian gaib mengancam nyawa warga yang melanggar pantangan adat kuno.
Surat di Ujung Musim: Babak 5,2011,Religi,6.4,783,1038344,Baim Wong,"Joe Taslim, Dian Sastrowardoyo","Dilema kehidupan cinta, keluarga, dan pengorbanan batin dalam memperjuangkan impian di tengah realitas sosial."
Konspirasi 88 24 Jam: Babak 2,2021,Action,6.7,383,708537,Baim Wong,"Refal Hady, Tara Basro",Penyelidikan kasus konspirasi kriminal bawah tanah berujung baku tembak sengit dan pertarungan mempertaruhkan nyawa.
Pelukan di Sudut Ibu Kota: Babak 4,2021,Religi,7.6,258,297892,Wregas Bhanuteja,"Muzakki Ramdhan, Tara Basro","Dilema kehidupan cinta, keluarga, dan pengorbanan batin dalam memperjuangkan impian di tengah realitas sosial."
Rindu di Bumi Rafflesia: Babak 5,2015,Religi,6.6,217,66262,Sidharta Tata,"Vino G. Bastian, Lukman Sardi, Angga Yunanda","Dilema kehidupan cinta, keluarga, dan pengorbanan batin dalam memperjuangkan impian di tengah realitas sosial."
Jejak di Batas Kota: Babak 5,2004,Drama,6.2,624,625310,Fajar Bustomi,"Pevita Pearce, Dian Sastrowardoyo, Slamet Rahardjo","Dilema kehidupan cinta, keluarga, dan pengorbanan batin dalam memperjuangkan impian di tengah realitas sosial."
Surat di Ujung Musim: Babak 4,2012,Drama,6.6,704,984325,Charles Gozali,"Bryan Domani, Fedi Nuril","Dilema kehidupan cinta, keluarga, dan pengorbanan batin dalam memperjuangkan impian di tengah realitas sosial."
Rintangan di Ujung Musim,2011,Romantis,6.7,253,574826,Wregas Bhanuteja,"Jefri Nichol, Tara Basro, Reza Rahadian","Dilema kehidupan cinta, keluarga, dan pengorbanan batin dalam memperjuangkan impian di tengah realitas sosial."
Kepingan di Batas Kota: Babak 2,2009,Drama,7.4,326,1024540,Bayu Skak,"Pevita Pearce, Nicholas Saputra","Dilema kehidupan cinta, keluarga, dan pengorbanan batin dalam memperjuangkan impian di tengah realitas sosial."
Pesugihan Asrama Kegelapan,2011,Horor,6.3,391,113932,Hadrah Daeng Ratu,"Adhisty Zara, Dian Sastrowardoyo, Taskya Namya",Teror kutukan mistis dan perjanjian gaib mengancam nyawa warga yang melanggar pantangan adat kuno.
Tumbal Pantai Maut,2003,Horor,6.9,662,1313096,Nayato Fio Nuala,"Muzakki Ramdhan, Shenina Cinnamon",Teror kutukan mistis dan perjanjian gaib mengancam nyawa warga yang melanggar pantangan adat kuno.
Pelukan di Sudut Ibu Kota: Babak 3,2010,Drama,7.7,290,543295,Charles Gozali,"Fedi Nuril, Lukman Sardi, Chicco Jerikho","Dilema kehidupan cinta, keluarga, dan pengorbanan batin dalam memperjuangkan impian di tengah realitas sosial."
Hantu Danau Kegelapan,2018,Horor,6.3,274,312828,Kimo Stamboel,"Shenina Cinnamon, Muzakki Ramdhan",Teror kutukan mistis dan perjanjian gaib mengancam nyawa warga yang melanggar pantangan adat kuno.
Melodi di Batas Kota: Babak 5,2007,Drama,7.9,551,572779,Rudi Soedjarwo,"Vino G. Bastian, Reza Rahadian, Jerome Kurnia","Dilema kehidupan cinta, keluarga, dan pengorbanan batin dalam memperjuangkan impian di tengah realitas sosial."
Tumbal Hutan Leluhur,2016,Horor,6.3,422,805383,Guntur Soeharjanto,"Fedi Nuril, Jerome Kurnia",Teror kutukan mistis dan perjanjian gaib mengancam nyawa warga yang melanggar pantangan adat kuno.
Geng Keluarga,2026,Komedi,6.8,288,1020442,Awi Suryadi,"Chelsea Islan, Julie Estelle, Marsha Timothy",Kekonyolan sekelompok pemuda yang terjerat masalah salah paham dan berusaha mencari jalan keluar dengan cara kocak.
Kepingan di Batas Kota: Babak 4,2002,Drama,6.8,428,69124,Charles Gozali,"Laura Basuki, Lukman Sardi, Prilly Latuconsina","Dilema kehidupan cinta, keluarga, dan pengorbanan batin dalam memperjuangkan impian di tengah realitas sosial."
Melodi di Ujung Musim: Babak 2,2025,Drama,7.0,237,459729,Angga Dwimas Sasongko,"Jefri Nichol, Rio Dewanto, Fedi Nuril","Dilema kehidupan cinta, keluarga, dan pengorbanan batin dalam memperjuangkan impian di tengah realitas sosial."
Janji di Ujung Musim: Babak 5,2026,Drama,6.9,622,715342,Anggy Umbara,"Refal Hady, Ario Bayu, Rio Dewanto","Dilema kehidupan cinta, keluarga, dan pengorbanan batin dalam memperjuangkan impian di tengah realitas sosial."
Cahaya di Sudut Ibu Kota: Babak 3,2004,Romantis,7.8,143,50092,Ernest Prakasa,"Nicholas Saputra, Tara Basro, Aghniny Haque","Dilema kehidupan cinta, keluarga, dan pengorbanan batin dalam memperjuangkan impian di tengah realitas sosial."
Kematian Pabrik Terkutuk: Babak 3,2011,Horor,5.8,575,504226,Azhar Kinoi Lubis,"Putri Marino, Pevita Pearce, Aghniny Haque",Teror kutukan mistis dan perjanjian gaib mengancam nyawa warga yang melanggar pantangan adat kuno.
Teror Rumah Leluhur,2003,Horor,5.6,415,321213,Joko Anwar,"Laura Basuki, Bryan Domani",Teror kutukan mistis dan perjanjian gaib mengancam nyawa warga yang melanggar pantangan adat kuno.
Pelukan di Batas Kota: Babak 3,2021,Romantis,7.0,260,252270,Charles Gozali,"Taskya Namya, Fedi Nuril","Dilema kehidupan cinta, keluarga, dan pengorbanan batin dalam memperjuangkan impian di tengah realitas sosial."
Jejak di Bawah Langit: Babak 2,2011,Drama,7.2,376,173285,Awi Suryadi,"Mawar de Jongh, Tissa Biani","Dilema kehidupan cinta, keluarga, dan pengorbanan batin dalam memperjuangkan impian di tengah realitas sosial."
Kematian Sekolah Terkutuk,2014,Horor,5.0,487,431432,Kamila Andini,"Refal Hady, Ario Bayu",Teror kutukan mistis dan perjanjian gaib mengancam nyawa warga yang melanggar pantangan adat kuno.
Harapan di Ujung Musim: Babak 2,2026,Drama,6.8,368,192289,Charles Gozali,"Marsha Timothy, Slamet Rahardjo","Dilema kehidupan cinta, keluarga, dan pengorbanan batin dalam memperjuangkan impian di tengah realitas sosial."
Jejak di Antara Dua Hati,2020,Drama,6.9,425,312998,Anggy Umbara,"Bryan Domani, Nicholas Saputra","Dilema kehidupan cinta, keluarga, dan pengorbanan batin dalam memperjuangkan impian di tengah realitas sosial."
Hantu Hutan Hitam,2005,Horor,5.6,226,489570,Ody C. Harahap,"Julie Estelle, Adhisty Zara",Teror kutukan mistis dan perjanjian gaib mengancam nyawa warga yang melanggar pantangan adat kuno.
Senja di Sudut Ibu Kota: Babak 5,2025,Drama,7.1,363,591317,Charles Gozali,"Taskya Namya, Iko Uwais, Julie Estelle","Dilema kehidupan cinta, keluarga, dan pengorbanan batin dalam memperjuangkan impian di tengah realitas sosial."
Pesugihan Asrama Leluhur,2009,Horor,5.7,673,1009649,Bayu Skak,"Bryan Domani, Iko Uwais",Teror kutukan mistis dan perjanjian gaib mengancam nyawa warga yang melanggar pantangan adat kuno.
Darah Pembalasan Merah,2025,Action,6.6,339,115109,Rizal Mantovani,"Aghniny Haque, Ario Bayu, Muzakki Ramdhan",Penyelidikan kasus konspirasi kriminal bawah tanah berujung baku tembak sengit dan pertarungan mempertaruhkan nyawa.
Surat di Ujung Musim: Babak 3,2008,Romantis,6.9,497,1027794,Rizal Mantovani,"Refal Hady, Iko Uwais, Slamet Rahardjo","Dilema kehidupan cinta, keluarga, dan pengorbanan batin dalam memperjuangkan impian di tengah realitas sosial."
Benteng Terakhir Khatulistiwa,2018,Action,6.1,90,49443,Fajar Nugros,"Adhisty Zara, Chicco Jerikho, Jerome Kurnia",Penyelidikan kasus konspirasi kriminal bawah tanah berujung baku tembak sengit dan pertarungan mempertaruhkan nyawa.
Modal Nekat Lagi,2005,Komedi,6.9,402,116188,Awi Suryadi,"Fedi Nuril, Aghniny Haque",Kekonyolan sekelompok pemuda yang terjerat masalah salah paham dan berusaha mencari jalan keluar dengan cara kocak.
Teror Desa Terkutuk,2014,Horor,7.0,1016,1666363,Upi Avianto,"Aghniny Haque, Bryan Domani",Teror kutukan mistis dan perjanjian gaib mengancam nyawa warga yang melanggar pantangan adat kuno.
Surat di Balik Jendela,2011,Romantis,7.2,340,318054,Guntur Soeharjanto,"Ario Bayu, Adhisty Zara","Dilema kehidupan cinta, keluarga, dan pengorbanan batin dalam memperjuangkan impian di tengah realitas sosial."
Kacau Abis,2011,Komedi,5.6,433,353918,Fajar Nugros,"Julie Estelle, Jefri Nichol, Rio Dewanto",Kekonyolan sekelompok pemuda yang terjerat masalah salah paham dan berusaha mencari jalan keluar dengan cara kocak.
Jejak di Ujung Musim,2025,Drama,6.1,256,269018,Hadrah Daeng Ratu,"Christine Hakim, Fedi Nuril","Dilema kehidupan cinta, keluarga, dan pengorbanan batin dalam memperjuangkan impian di tengah realitas sosial."
Santet Pabrik Menjelang Fajar,2013,Horor,5.2,1086,3042761,Kamila Andini,"Slamet Rahardjo, Iqbaal Ramadhan",Teror kutukan mistis dan perjanjian gaib mengancam nyawa warga yang melanggar pantangan adat kuno.
Pelukan di Antara Dua Hati: Babak 4,2017,Drama,6.9,333,146650,Wregas Bhanuteja,"Julie Estelle, Bryan Domani","Dilema kehidupan cinta, keluarga, dan pengorbanan batin dalam memperjuangkan impian di tengah realitas sosial."
Kacau Season,2011,Komedi,6.9,360,574877,Rudi Soedjarwo,"Marsha Timothy, Joe Taslim",Kekonyolan sekelompok pemuda yang terjerat masalah salah paham dan berusaha mencari jalan keluar dengan cara kocak.
Petualangan Timun Mas 2018,2018,Animasi,7.0,98,14109,Bobby Prasetyo,"Jefri Nichol, Julie Estelle",Petualangan fantasi penuh warna anak-anak pemberani menjelajahi alam Nusantara untuk menyelamatkan pusaka leluhur.
Pelukan di Bawah Langit,2021,Drama,7.3,448,695745,Upi Avianto,"Nicholas Saputra, Ario Bayu","Dilema kehidupan cinta, keluarga, dan pengorbanan batin dalam memperjuangkan impian di tengah realitas sosial."
Pesugihan Danau Kuno,2025,Horor,6.4,370,211680,Guntur Soeharjanto,"Fedi Nuril, Mawar de Jongh",Teror kutukan mistis dan perjanjian gaib mengancam nyawa warga yang melanggar pantangan adat kuno.
Santet Desa Hitam,2006,Horor,5.8,710,1528974,Anggy Umbara,"Iqbaal Ramadhan, Aghniny Haque",Teror kutukan mistis dan perjanjian gaib mengancam nyawa warga yang melanggar pantangan adat kuno.
Rintangan di Balik Jendela: Babak 4,2003,Drama,6.9,99,100487,Yandy Laurens,"Fedi Nuril, Lukman Sardi, Iko Uwais","Dilema kehidupan cinta, keluarga, dan pengorbanan batin dalam memperjuangkan impian di tengah realitas sosial."
Jeritan Rumah Kegelapan,2020,Horor,4.5,397,660646,Fajar Bustomi,"Nicholas Saputra, Angga Yunanda",Teror kutukan mistis dan perjanjian gaib mengancam nyawa warga yang melanggar pantangan adat kuno.
Ritual Rumah Jahanam: Babak 3,2009,Horor,5.7,529,766809,Ernest Prakasa,"Prilly Latuconsina, Fedi Nuril",Teror kutukan mistis dan perjanjian gaib mengancam nyawa warga yang melanggar pantangan adat kuno.
Duka di Antara Dua Hati: Babak 2,2022,Drama,7.9,571,798266,Nayato Fio Nuala,"Adhisty Zara, Joe Taslim, Pevita Pearce","Dilema kehidupan cinta, keluarga, dan pengorbanan batin dalam memperjuangkan impian di tengah realitas sosial."
Tumbal Gua Kegelapan,2022,Horor,6.3,801,932692,Guntur Soeharjanto,"Chicco Jerikho, Taskya Namya",Teror kutukan mistis dan perjanjian gaib mengancam nyawa warga yang melanggar pantangan adat kuno.
Tumbal Rumah Kegelapan,2015,Horor,6.9,147,248858,Fajar Nugros,"Shenina Cinnamon, Laura Basuki",Teror kutukan mistis dan perjanjian gaib mengancam nyawa warga yang melanggar pantangan adat kuno.
Janji di Sudut Ibu Kota: Babak 5,2004,Religi,7.2,521,720408,Timo Tjahjanto,"Fedi Nuril, Joe Taslim, Prilly Latuconsina","Dilema kehidupan cinta, keluarga, dan pengorbanan batin dalam memperjuangkan impian di tengah realitas sosial."
Kutukan Asrama Maut,2005,Horor,6.8,827,1144453,Anggy Umbara,"Shenina Cinnamon, Jefri Nichol, Putri Marino",Teror kutukan mistis dan perjanjian gaib mengancam nyawa warga yang melanggar pantangan adat kuno.
Salah Tangkap Part 2,2004,Komedi,6.5,175,213504,Hanung Bramantyo,"Reza Rahadian, Christine Hakim",Kekonyolan sekelompok pemuda yang terjerat masalah salah paham dan berusaha mencari jalan keluar dengan cara kocak.
Geng Abis,2002,Komedi,7.2,327,193998,Guntur Soeharjanto,"Angga Yunanda, Iqbaal Ramadhan, Pevita Pearce",Kekonyolan sekelompok pemuda yang terjerat masalah salah paham dan berusaha mencari jalan keluar dengan cara kocak.
Pelukan di Bawah Langit: Babak 4,2015,Drama,6.7,306,175460,Kamila Andini,"Marsha Timothy, Putri Marino","Dilema kehidupan cinta, keluarga, dan pengorbanan batin dalam memperjuangkan impian di tengah realitas sosial."
Rindu di Balik Jendela: Babak 2,2020,Drama,7.3,165,251805,Timo Tjahjanto,"Chelsea Islan, Angga Yunanda, Laura Basuki","Dilema kehidupan cinta, keluarga, dan pengorbanan batin dalam memperjuangkan impian di tengah realitas sosial."
Santet Danau Leluhur,2020,Horor,5.0,474,1136577,Muhadkly Acho,"Reza Rahadian, Ario Bayu",Teror kutukan mistis dan perjanjian gaib mengancam nyawa warga yang melanggar pantangan adat kuno.
Harapan di Ujung Musim: Babak 3,2007,Drama,7.4,359,442518,Riri Riza,"Aghniny Haque, Marsha Timothy, Jefri Nichol","Dilema kehidupan cinta, keluarga, dan pengorbanan batin dalam memperjuangkan impian di tengah realitas sosial."
Misteri Desa Leluhur,2022,Horor,6.4,551,1717046,Kimo Stamboel,"Ario Bayu, Chicco Jerikho, Shenina Cinnamon",Teror kutukan mistis dan perjanjian gaib mengancam nyawa warga yang melanggar pantangan adat kuno.
Ritual Makam Berdarah,2014,Horor,7.0,353,624433,Kimo Stamboel,"Christine Hakim, Tara Basro",Teror kutukan mistis dan perjanjian gaib mengancam nyawa warga yang melanggar pantangan adat kuno.
Kutukan Kamar Leluhur,2023,Horor,6.3,352,631773,Anggy Umbara,"Refal Hady, Prilly Latuconsina",Teror kutukan mistis dan perjanjian gaib mengancam nyawa warga yang melanggar pantangan adat kuno.
Surat di Antara Dua Hati: Babak 2,2008,Drama,6.8,556,611527,Fajar Bustomi,"Shenina Cinnamon, Marsha Timothy, Pevita Pearce","Dilema kehidupan cinta, keluarga, dan pengorbanan batin dalam memperjuangkan impian di tengah realitas sosial."
Pelukan di Bawah Langit: Babak 3,2023,Romantis,6.2,362,318229,Sidharta Tata,"Angga Yunanda, Dian Sastrowardoyo, Marsha Timothy","Dilema kehidupan cinta, keluarga, dan pengorbanan batin dalam memperjuangkan impian di tengah realitas sosial."
Hantu Pantai Gaib,2013,Thriller,6.7,343,144408,Rizal Mantovani,"Iko Uwais, Angga Yunanda, Bryan Domani","Dilema kehidupan cinta, keluarga, dan pengorbanan batin dalam memperjuangkan impian di tengah realitas sosial."
Duka di Batas Kota,2012,Drama,7.5,369,348050,Fajar Bustomi,"Muzakki Ramdhan, Nicholas Saputra","Dilema kehidupan cinta, keluarga, dan pengorbanan batin dalam memperjuangkan impian di tengah realitas sosial."
Batas di Bawah Langit: Babak 4,2003,Drama,6.6,491,282655,Rudi Soedjarwo,"Vino G. Bastian, Prilly Latuconsina, Tissa Biani","Dilema kehidupan cinta, keluarga, dan pengorbanan batin dalam memperjuangkan impian di tengah realitas sosial."
Melodi di Bawah Langit: Babak 2,2007,Religi,6.5,604,771309,Timo Tjahjanto,"Bryan Domani, Pevita Pearce, Aghniny Haque","Dilema kehidupan cinta, keluarga, dan pengorbanan batin dalam memperjuangkan impian di tengah realitas sosial."
Arwah Hutan Maut,2017,Horor,6.4,109,183844,Nayato Fio Nuala,"Marsha Timothy, Angga Yunanda, Vino G. Bastian",Teror kutukan mistis dan perjanjian gaib mengancam nyawa warga yang melanggar pantangan adat kuno.
Harapan di Batas Kota,2025,Drama,6.8,426,117855,Azhar Kinoi Lubis,"Angga Yunanda, Refal Hady, Iqbaal Ramadhan","Dilema kehidupan cinta, keluarga, dan pengorbanan batin dalam memperjuangkan impian di tengah realitas sosial."
Jeritan Kamar Terkutuk,2018,Horor,6.5,1201,1680342,Muhadkly Acho,"Joe Taslim, Lukman Sardi",Teror kutukan mistis dan perjanjian gaib mengancam nyawa warga yang melanggar pantangan adat kuno.
Duka di Bawah Langit,2015,Drama,7.0,419,188380,Monty Tiwa,"Ario Bayu, Slamet Rahardjo, Rio Dewanto","Dilema kehidupan cinta, keluarga, dan pengorbanan batin dalam memperjuangkan impian di tengah realitas sosial."
Mertua Galak Total,2008,Komedi,5.9,292,445035,Sidharta Tata,"Reza Rahadian, Dian Sastrowardoyo, Tara Basro",Kekonyolan sekelompok pemuda yang terjerat masalah salah paham dan berusaha mencari jalan keluar dengan cara kocak.
Santet Desa Leluhur,2019,Horor,6.0,208,180480,Fajar Bustomi,"Shenina Cinnamon, Fedi Nuril, Nicholas Saputra",Teror kutukan mistis dan perjanjian gaib mengancam nyawa warga yang melanggar pantangan adat kuno.
Dendam Pabrik Gaib,2016,Thriller,6.1,176,244318,Azhar Kinoi Lubis,"Reza Rahadian, Slamet Rahardjo, Adhisty Zara","Dilema kehidupan cinta, keluarga, dan pengorbanan batin dalam memperjuangkan impian di tengah realitas sosial."
Rindu di Bawah Langit: Babak 3,2019,Religi,7.6,87,37858,Baim Wong,"Reza Rahadian, Aghniny Haque","Dilema kehidupan cinta, keluarga, dan pengorbanan batin dalam memperjuangkan impian di tengah realitas sosial."
Tumbal Danau Iblis: Babak 2,2022,Horor,6.3,678,955157,Bobby Prasetyo,"Mawar de Jongh, Prilly Latuconsina, Laura Basuki",Teror kutukan mistis dan perjanjian gaib mengancam nyawa warga yang melanggar pantangan adat kuno.
Misteri Makam Kuno,2013,Horor,6.6,461,865657,Rudi Soedjarwo,"Prilly Latuconsina, Christine Hakim",Teror kutukan mistis dan perjanjian gaib mengancam nyawa warga yang melanggar pantangan adat kuno.
Kutukan Rumah Berdarah,2004,Horor,6.5,897,929119,Joko Anwar,"Slamet Rahardjo, Prilly Latuconsina",Teror kutukan mistis dan perjanjian gaib mengancam nyawa warga yang melanggar pantangan adat kuno.
Misteri Sekolah Iblis,2010,Horor,5.3,403,278619,Azhar Kinoi Lubis,"Aghniny Haque, Slamet Rahardjo",Teror kutukan mistis dan perjanjian gaib mengancam nyawa warga yang melanggar pantangan adat kuno.
Dendam Lembah Menjelang Fajar,2017,Horor,5.3,450,473955,Charles Gozali,"Jefri Nichol, Marsha Timothy, Laura Basuki",Teror kutukan mistis dan perjanjian gaib mengancam nyawa warga yang melanggar pantangan adat kuno.
Teror Alas Kegelapan,2011,Horor,6.7,653,851392,Yandy Laurens,"Jerome Kurnia, Reza Rahadian",Teror kutukan mistis dan perjanjian gaib mengancam nyawa warga yang melanggar pantangan adat kuno.
Arwah Lembah Keramat,2005,Horor,5.6,399,185035,Baim Wong,"Refal Hady, Jerome Kurnia",Teror kutukan mistis dan perjanjian gaib mengancam nyawa warga yang melanggar pantangan adat kuno.
Rindu di Batas Kota: Babak 3,2005,Drama,6.6,312,173132,Anggy Umbara,"Dian Sastrowardoyo, Adhisty Zara, Angga Yunanda","Dilema kehidupan cinta, keluarga, dan pengorbanan batin dalam memperjuangkan impian di tengah realitas sosial."
Salah Tangkap Abis,2002,Komedi,6.5,306,416657,Guntur Soeharjanto,"Taskya Namya, Dian Sastrowardoyo",Kekonyolan sekelompok pemuda yang terjerat masalah salah paham dan berusaha mencari jalan keluar dengan cara kocak.
Geng Santuy,2005,Komedi,6.6,476,719829,Baim Wong,"Christine Hakim, Muzakki Ramdhan",Kekonyolan sekelompok pemuda yang terjerat masalah salah paham dan berusaha mencari jalan keluar dengan cara kocak.
Jodoh Nyasar Total,2006,Komedi,6.0,525,447533,Bobby Prasetyo,"Slamet Rahardjo, Jefri Nichol",Kekonyolan sekelompok pemuda yang terjerat masalah salah paham dan berusaha mencari jalan keluar dengan cara kocak.
Batas di Bumi Rafflesia: Babak 2,2011,Drama,5.7,123,177921,Nayato Fio Nuala,"Aghniny Haque, Julie Estelle","Dilema kehidupan cinta, keluarga, dan pengorbanan batin dalam memperjuangkan impian di tengah realitas sosial."
Perjanjian Pabrik Iblis,2025,Horor,5.1,503,355167,Muhadkly Acho,"Muzakki Ramdhan, Joe Taslim",Teror kutukan mistis dan perjanjian gaib mengancam nyawa warga yang melanggar pantangan adat kuno.
Pelukan di Sudut Ibu Kota: Babak 5,2018,Drama,6.4,158,453131,Anggy Umbara,"Taskya Namya, Fedi Nuril","Dilema kehidupan cinta, keluarga, dan pengorbanan batin dalam memperjuangkan impian di tengah realitas sosial."
Petualangan Rimbaraya 2024,2024,Animasi,6.5,375,146420,Fajar Nugros,"Tara Basro, Lukman Sardi",Petualangan fantasi penuh warna anak-anak pemberani menjelajahi alam Nusantara untuk menyelamatkan pusaka leluhur.
Ritual Gua Hitam,2025,Horor,6.4,364,1242317,Kamila Andini,"Chelsea Islan, Tara Basro, Shenina Cinnamon",Teror kutukan mistis dan perjanjian gaib mengancam nyawa warga yang melanggar pantangan adat kuno.
Salah Tangkap Bikin Pusing: Babak 3,2008,Komedi,6.3,565,506777,Rudi Soedjarwo,"Vino G. Bastian, Rio Dewanto, Tissa Biani",Kekonyolan sekelompok pemuda yang terjerat masalah salah paham dan berusaha mencari jalan keluar dengan cara kocak.
Penglaris Rumah Gaib,2009,Horor,5.6,279,477766,Rudi Soedjarwo,"Joe Taslim, Bryan Domani",Teror kutukan mistis dan perjanjian gaib mengancam nyawa warga yang melanggar pantangan adat kuno.
Kematian Danau Iblis,2016,Thriller,7.0,156,90445,Rizal Mantovani,"Pevita Pearce, Aghniny Haque","Dilema kehidupan cinta, keluarga, dan pengorbanan batin dalam memperjuangkan impian di tengah realitas sosial."
Lentera di Bumi Rafflesia,2014,Drama,6.9,327,511220,Rudi Soedjarwo,"Marsha Timothy, Taskya Namya","Dilema kehidupan cinta, keluarga, dan pengorbanan batin dalam memperjuangkan impian di tengah realitas sosial."
Ritual Desa Jahanam,2011,Horor,5.2,926,2371897,Fajar Nugros,"Bryan Domani, Marsha Timothy, Tissa Biani",Teror kutukan mistis dan perjanjian gaib mengancam nyawa warga yang melanggar pantangan adat kuno.
Serigala Malam Terakhir,2025,Action,6.5,225,141827,Charles Gozali,"Pevita Pearce, Christine Hakim, Rio Dewanto",Penyelidikan kasus konspirasi kriminal bawah tanah berujung baku tembak sengit dan pertarungan mempertaruhkan nyawa.
Kematian Asrama Iblis,2015,Horor,6.2,536,499751,Joko Anwar,"Tara Basro, Dian Sastrowardoyo",Teror kutukan mistis dan perjanjian gaib mengancam nyawa warga yang melanggar pantangan adat kuno.
Petualangan Garuda Cilik 2013,2013,Animasi,7.0,763,947092,Sidharta Tata,"Adhisty Zara, Tara Basro",Petualangan fantasi penuh warna anak-anak pemberani menjelajahi alam Nusantara untuk menyelamatkan pusaka leluhur.
Piknik Bencana Lagi: Babak 3,2024,Komedi,6.5,728,1532475,Kimo Stamboel,"Iko Uwais, Slamet Rahardjo, Tara Basro",Kekonyolan sekelompok pemuda yang terjerat masalah salah paham dan berusaha mencari jalan keluar dengan cara kocak.
Bikin Ribet Santuy,2024,Komedi,5.0,242,156927,Bobby Prasetyo,"Chicco Jerikho, Nicholas Saputra",Kekonyolan sekelompok pemuda yang terjerat masalah salah paham dan berusaha mencari jalan keluar dengan cara kocak.
Kepingan di Ujung Musim,2014,Drama,6.6,318,700630,Wregas Bhanuteja,"Adhisty Zara, Rio Dewanto, Dian Sastrowardoyo","Dilema kehidupan cinta, keluarga, dan pengorbanan batin dalam memperjuangkan impian di tengah realitas sosial."
Misteri Desa Gaib,2023,Horor,6.1,504,425576,Fajar Bustomi,"Tara Basro, Lukman Sardi, Jefri Nichol",Teror kutukan mistis dan perjanjian gaib mengancam nyawa warga yang melanggar pantangan adat kuno.
Jejak di Batas Kota: Babak 4,2023,Romantis,7.3,579,969831,Rizal Mantovani,"Refal Hady, Iko Uwais, Vino G. Bastian","Dilema kehidupan cinta, keluarga, dan pengorbanan batin dalam memperjuangkan impian di tengah realitas sosial."
Bikin Ribet Part 2,2015,Komedi,6.2,488,1010001,Kimo Stamboel,"Rio Dewanto, Chicco Jerikho",Kekonyolan sekelompok pemuda yang terjerat masalah salah paham dan berusaha mencari jalan keluar dengan cara kocak.
Tumbal Alas Jahanam,2005,Thriller,7.5,398,51226,Anggy Umbara,"Angga Yunanda, Mawar de Jongh","Dilema kehidupan cinta, keluarga, dan pengorbanan batin dalam memperjuangkan impian di tengah realitas sosial."
Kematian Kamar Menjelang Fajar,2022,Horor,6.9,450,787008,Muhadkly Acho,"Refal Hady, Nicholas Saputra",Teror kutukan mistis dan perjanjian gaib mengancam nyawa warga yang melanggar pantangan adat kuno.
Benteng Terakhir 24 Jam,2021,Action,6.6,237,131126,Joko Anwar,"Aghniny Haque, Pevita Pearce",Penyelidikan kasus konspirasi kriminal bawah tanah berujung baku tembak sengit dan pertarungan mempertaruhkan nyawa.
Piknik Bencana Keluarga: Babak 2,2012,Komedi,6.2,199,163725,Rizal Mantovani,"Mawar de Jongh, Reza Rahadian, Lukman Sardi",Kekonyolan sekelompok pemuda yang terjerat masalah salah paham dan berusaha mencari jalan keluar dengan cara kocak.
Kutukan Pantai Berdarah,2008,Horor,6.2,234,358658,Muhadkly Acho,"Refal Hady, Chelsea Islan",Teror kutukan mistis dan perjanjian gaib mengancam nyawa warga yang melanggar pantangan adat kuno.
Cari Untung Lagi,2025,Komedi,6.6,260,335111,Baim Wong,"Reza Rahadian, Aghniny Haque, Chelsea Islan",Kekonyolan sekelompok pemuda yang terjerat masalah salah paham dan berusaha mencari jalan keluar dengan cara kocak.
Hantu Rumah Kegelapan,2017,Horor,5.4,771,1496101,Anggy Umbara,"Nicholas Saputra, Reza Rahadian",Teror kutukan mistis dan perjanjian gaib mengancam nyawa warga yang melanggar pantangan adat kuno.
Kutukan Desa Menjelang Fajar,2008,Horor,7.0,268,201179,Azhar Kinoi Lubis,"Jefri Nichol, Julie Estelle, Jerome Kurnia",Teror kutukan mistis dan perjanjian gaib mengancam nyawa warga yang melanggar pantangan adat kuno.
Duka di Bumi Rafflesia: Babak 5,2014,Drama,6.8,275,216143,Fajar Nugros,"Laura Basuki, Iko Uwais","Dilema kehidupan cinta, keluarga, dan pengorbanan batin dalam memperjuangkan impian di tengah realitas sosial."
Rintangan di Batas Kota: Babak 3,2017,Drama,6.6,431,500940,Upi Avianto,"Jerome Kurnia, Mawar de Jongh, Chicco Jerikho","Dilema kehidupan cinta, keluarga, dan pengorbanan batin dalam memperjuangkan impian di tengah realitas sosial."
Melodi di Sudut Ibu Kota: Babak 4,2024,Religi,6.3,296,161294,Kamila Andini,"Bryan Domani, Shenina Cinnamon","Dilema kehidupan cinta, keluarga, dan pengorbanan batin dalam memperjuangkan impian di tengah realitas sosial."
Kutukan Pabrik Hitam: Babak 2,2025,Horor,6.4,642,895063,Bobby Prasetyo,"Muzakki Ramdhan, Reza Rahadian, Mawar de Jongh",Teror kutukan mistis dan perjanjian gaib mengancam nyawa warga yang melanggar pantangan adat kuno.
Arwah Gua Maut,2024,Horor,6.2,1769,6500000,Ernest Prakasa,"Iqbaal Ramadhan, Chelsea Islan",Teror kutukan mistis dan perjanjian gaib mengancam nyawa warga yang melanggar pantangan adat kuno.
Salah Tangkap Part 2: Babak 4,2025,Komedi,6.1,498,191817,Monty Tiwa,"Jefri Nichol, Iqbaal Ramadhan, Iko Uwais",Kekonyolan sekelompok pemuda yang terjerat masalah salah paham dan berusaha mencari jalan keluar dengan cara kocak.
Pelukan di Bumi Rafflesia: Babak 2,2006,Drama,6.7,435,248189,Guntur Soeharjanto,"Chelsea Islan, Bryan Domani, Tissa Biani","Dilema kehidupan cinta, keluarga, dan pengorbanan batin dalam memperjuangkan impian di tengah realitas sosial."
Gokil Bikin Pusing,2023,Komedi,6.6,370,226269,Baim Wong,"Angga Yunanda, Dian Sastrowardoyo, Tissa Biani",Kekonyolan sekelompok pemuda yang terjerat masalah salah paham dan berusaha mencari jalan keluar dengan cara kocak.
Penglaris Danau Kegelapan,2022,Thriller,6.7,392,214642,Nayato Fio Nuala,"Dian Sastrowardoyo, Prilly Latuconsina, Chicco Jerikho","Dilema kehidupan cinta, keluarga, dan pengorbanan batin dalam memperjuangkan impian di tengah realitas sosial."
Jeritan Makam Menjelang Fajar,2006,Horor,6.7,345,199978,Kamila Andini,"Refal Hady, Jefri Nichol",Teror kutukan mistis dan perjanjian gaib mengancam nyawa warga yang melanggar pantangan adat kuno.
Luka di Sudut Ibu Kota: Babak 5,2002,Drama,7.3,415,742651,Angga Dwimas Sasongko,"Tara Basro, Adhisty Zara, Rio Dewanto","Dilema kehidupan cinta, keluarga, dan pengorbanan batin dalam memperjuangkan impian di tengah realitas sosial."
Mendadak Bos Keluarga,2008,Komedi,6.0,626,480445,Guntur Soeharjanto,"Pevita Pearce, Lukman Sardi",Kekonyolan sekelompok pemuda yang terjerat masalah salah paham dan berusaha mencari jalan keluar dengan cara kocak.
Misteri Asrama Gaib,2015,Horor,5.8,341,51653,Azhar Kinoi Lubis,"Muzakki Ramdhan, Ario Bayu, Slamet Rahardjo",Teror kutukan mistis dan perjanjian gaib mengancam nyawa warga yang melanggar pantangan adat kuno.
Tumbal Lembah Maut,2014,Horor,6.0,259,473195,Rizal Mantovani,"Marsha Timothy, Mawar de Jongh",Teror kutukan mistis dan perjanjian gaib mengancam nyawa warga yang melanggar pantangan adat kuno.
Bikin Ribet Part 2: Babak 5,2011,Komedi,6.6,847,1484390,Awi Suryadi,"Angga Yunanda, Tara Basro, Putri Marino",Kekonyolan sekelompok pemuda yang terjerat masalah salah paham dan berusaha mencari jalan keluar dengan cara kocak.
Benteng Terakhir Merah,2013,Action,6.8,250,156921,Azhar Kinoi Lubis,"Slamet Rahardjo, Shenina Cinnamon, Tissa Biani",Penyelidikan kasus konspirasi kriminal bawah tanah berujung baku tembak sengit dan pertarungan mempertaruhkan nyawa.
Jeritan Desa Berdarah,2015,Horor,5.2,171,130609,Bayu Skak,"Muzakki Ramdhan, Reza Rahadian, Jerome Kurnia",Teror kutukan mistis dan perjanjian gaib mengancam nyawa warga yang melanggar pantangan adat kuno.
Cari Untung Bikin Pusing: Babak 4,2005,Komedi,6.4,324,360432,Ody C. Harahap,"Adhisty Zara, Lukman Sardi, Refal Hady",Kekonyolan sekelompok pemuda yang terjerat masalah salah paham dan berusaha mencari jalan keluar dengan cara kocak.
Arwah Sekolah Leluhur,2023,Horor,7.3,385,807222,Bayu Skak,"Refal Hady, Jerome Kurnia",Teror kutukan mistis dan perjanjian gaib mengancam nyawa warga yang melanggar pantangan adat kuno.
Dendam Pabrik Kuno,2011,Horor,6.2,440,447372,Angga Dwimas Sasongko,"Tara Basro, Jefri Nichol",Teror kutukan mistis dan perjanjian gaib mengancam nyawa warga yang melanggar pantangan adat kuno.
Rintangan di Sudut Ibu Kota: Babak 5,2010,Religi,6.3,230,515765,Anggy Umbara,"Ario Bayu, Shenina Cinnamon","Dilema kehidupan cinta, keluarga, dan pengorbanan batin dalam memperjuangkan impian di tengah realitas sosial."
Jejak di Antara Dua Hati: Babak 3,2017,Drama,6.5,118,113212,Fajar Nugros,"Jefri Nichol, Bryan Domani, Jerome Kurnia","Dilema kehidupan cinta, keluarga, dan pengorbanan batin dalam memperjuangkan impian di tengah realitas sosial."
Dendam Pabrik Maut,2006,Horor,7.0,163,294986,Timo Tjahjanto,"Chicco Jerikho, Lukman Sardi",Teror kutukan mistis dan perjanjian gaib mengancam nyawa warga yang melanggar pantangan adat kuno.
Misteri Alas Hitam,2020,Horor,6.1,246,212170,Kamila Andini,"Joe Taslim, Aghniny Haque",Teror kutukan mistis dan perjanjian gaib mengancam nyawa warga yang melanggar pantangan adat kuno.
Lentera di Bawah Langit,2011,Romantis,5.7,397,376335,Bayu Skak,"Joe Taslim, Lukman Sardi","Dilema kehidupan cinta, keluarga, dan pengorbanan batin dalam memperjuangkan impian di tengah realitas sosial."
Arwah Asrama Leluhur,2009,Thriller,7.2,330,120762,Nayato Fio Nuala,"Fedi Nuril, Ario Bayu, Jerome Kurnia","Dilema kehidupan cinta, keluarga, dan pengorbanan batin dalam memperjuangkan impian di tengah realitas sosial."
Janji di Bumi Rafflesia: Babak 4,2011,Drama,6.6,416,131996,Fajar Bustomi,"Refal Hady, Vino G. Bastian, Mawar de Jongh","Dilema kehidupan cinta, keluarga, dan pengorbanan batin dalam memperjuangkan impian di tengah realitas sosial."
Ritual Pantai Iblis,2024,Thriller,6.8,113,99133,Awi Suryadi,"Jefri Nichol, Lukman Sardi","Dilema kehidupan cinta, keluarga, dan pengorbanan batin dalam memperjuangkan impian di tengah realitas sosial."
Arwah Hutan Berdarah,2018,Horor,6.3,503,761131,Sidharta Tata,"Dian Sastrowardoyo, Joe Taslim, Tissa Biani",Teror kutukan mistis dan perjanjian gaib mengancam nyawa warga yang melanggar pantangan adat kuno.
Santet Rumah Berdarah,2024,Horor,5.0,516,739534,Rudi Soedjarwo,"Iko Uwais, Shenina Cinnamon, Rio Dewanto",Teror kutukan mistis dan perjanjian gaib mengancam nyawa warga yang melanggar pantangan adat kuno.
Duka di Antara Dua Hati: Babak 4,2023,Drama,7.5,206,247502,Yandy Laurens,"Vino G. Bastian, Iqbaal Ramadhan","Dilema kehidupan cinta, keluarga, dan pengorbanan batin dalam memperjuangkan impian di tengah realitas sosial."
Duka di Bumi Rafflesia: Babak 3,2022,Drama,6.4,219,20891,Monty Tiwa,"Slamet Rahardjo, Vino G. Bastian","Dilema kehidupan cinta, keluarga, dan pengorbanan batin dalam memperjuangkan impian di tengah realitas sosial."
Ngenes Keluarga: Babak 4,2016,Komedi,6.3,240,269041,Upi Avianto,"Nicholas Saputra, Mawar de Jongh, Taskya Namya",Kekonyolan sekelompok pemuda yang terjerat masalah salah paham dan berusaha mencari jalan keluar dengan cara kocak.
Pesugihan Alas Kuno,2013,Horor,4.8,490,312262,Baim Wong,"Putri Marino, Jerome Kurnia",Teror kutukan mistis dan perjanjian gaib mengancam nyawa warga yang melanggar pantangan adat kuno.
Mertua Galak Total: Babak 5,2014,Komedi,6.5,726,825773,Awi Suryadi,"Chelsea Islan, Iko Uwais",Kekonyolan sekelompok pemuda yang terjerat masalah salah paham dan berusaha mencari jalan keluar dengan cara kocak.
Dendam Makam Kuno,2006,Horor,5.5,1228,3718123,Fajar Bustomi,"Lukman Sardi, Ario Bayu, Christine Hakim",Teror kutukan mistis dan perjanjian gaib mengancam nyawa warga yang melanggar pantangan adat kuno.
Ritual Desa Menjelang Fajar,2021,Thriller,6.4,174,42465,Hadrah Daeng Ratu,"Marsha Timothy, Reza Rahadian","Dilema kehidupan cinta, keluarga, dan pengorbanan batin dalam memperjuangkan impian di tengah realitas sosial."
Penglaris Asrama Keramat,2019,Horor,5.2,457,320814,Wregas Bhanuteja,"Christine Hakim, Reza Rahadian, Julie Estelle",Teror kutukan mistis dan perjanjian gaib mengancam nyawa warga yang melanggar pantangan adat kuno.
Hantu Asrama Iblis,2023,Horor,6.0,386,972512,Awi Suryadi,"Iqbaal Ramadhan, Chicco Jerikho",Teror kutukan mistis dan perjanjian gaib mengancam nyawa warga yang melanggar pantangan adat kuno.
Perjanjian Sekolah Maut,2002,Horor,5.8,277,579417,Bobby Prasetyo,"Adhisty Zara, Lukman Sardi",Teror kutukan mistis dan perjanjian gaib mengancam nyawa warga yang melanggar pantangan adat kuno.
Cahaya di Antara Dua Hati,2024,Drama,6.7,411,100337,Ernest Prakasa,"Rio Dewanto, Refal Hady, Mawar de Jongh","Dilema kehidupan cinta, keluarga, dan pengorbanan batin dalam memperjuangkan impian di tengah realitas sosial."
Ngenes Total,2006,Komedi,5.8,124,133554,Muhadkly Acho,"Julie Estelle, Dian Sastrowardoyo, Iko Uwais",Kekonyolan sekelompok pemuda yang terjerat masalah salah paham dan berusaha mencari jalan keluar dengan cara kocak.
Rindu di Bumi Rafflesia: Babak 2,2013,Drama,7.2,140,193748,Timo Tjahjanto,"Ario Bayu, Vino G. Bastian","Dilema kehidupan cinta, keluarga, dan pengorbanan batin dalam memperjuangkan impian di tengah realitas sosial."
Janji di Batas Kota: Babak 4,2026,Drama,7.6,336,139988,Azhar Kinoi Lubis,"Reza Rahadian, Marsha Timothy","Dilema kehidupan cinta, keluarga, dan pengorbanan batin dalam memperjuangkan impian di tengah realitas sosial."
Harapan di Antara Dua Hati: Babak 2,2006,Drama,6.8,552,654040,Ody C. Harahap,"Pevita Pearce, Refal Hady","Dilema kehidupan cinta, keluarga, dan pengorbanan batin dalam memperjuangkan impian di tengah realitas sosial."
Duka di Bawah Langit: Babak 5,2006,Religi,7.6,360,596001,Sidharta Tata,"Reza Rahadian, Tissa Biani","Dilema kehidupan cinta, keluarga, dan pengorbanan batin dalam memperjuangkan impian di tengah realitas sosial."
Petualangan Satria 2008,2008,Animasi,6.5,267,59005,Upi Avianto,"Rio Dewanto, Lukman Sardi",Petualangan fantasi penuh warna anak-anak pemberani menjelajahi alam Nusantara untuk menyelamatkan pusaka leluhur.
Ritual Pabrik Menjelang Fajar,2015,Horor,6.9,503,1190104,Riri Riza,"Fedi Nuril, Slamet Rahardjo",Teror kutukan mistis dan perjanjian gaib mengancam nyawa warga yang melanggar pantangan adat kuno.
Piknik Bencana Abis,2013,Komedi,6.5,670,2236242,Kimo Stamboel,"Jefri Nichol, Adhisty Zara",Kekonyolan sekelompok pemuda yang terjerat masalah salah paham dan berusaha mencari jalan keluar dengan cara kocak.
Hantu Makam Menjelang Fajar,2005,Horor,6.5,449,752258,Awi Suryadi,"Jefri Nichol, Chelsea Islan",Teror kutukan mistis dan perjanjian gaib mengancam nyawa warga yang melanggar pantangan adat kuno.
Misteri Asrama Hitam,2011,Horor,5.9,1245,2754694,Anggy Umbara,"Laura Basuki, Bryan Domani, Chicco Jerikho",Teror kutukan mistis dan perjanjian gaib mengancam nyawa warga yang melanggar pantangan adat kuno.
Jejak di Bawah Langit: Babak 3,2016,Drama,7.5,346,26737,Muhadkly Acho,"Fedi Nuril, Refal Hady","Dilema kehidupan cinta, keluarga, dan pengorbanan batin dalam memperjuangkan impian di tengah realitas sosial."
Misteri Rumah Keramat,2009,Horor,5.8,428,794282,Bayu Skak,"Vino G. Bastian, Lukman Sardi, Chelsea Islan",Teror kutukan mistis dan perjanjian gaib mengancam nyawa warga yang melanggar pantangan adat kuno.
Janji di Bawah Langit: Babak 3,2002,Drama,7.0,251,177274,Nayato Fio Nuala,"Fedi Nuril, Jefri Nichol","Dilema kehidupan cinta, keluarga, dan pengorbanan batin dalam memperjuangkan impian di tengah realitas sosial."
Penglaris Pabrik Iblis,2018,Horor,5.4,484,292587,Yandy Laurens,"Rio Dewanto, Bryan Domani, Slamet Rahardjo",Teror kutukan mistis dan perjanjian gaib mengancam nyawa warga yang melanggar pantangan adat kuno.
Pesugihan Asrama Iblis,2016,Thriller,7.1,237,43128,Guntur Soeharjanto,"Slamet Rahardjo, Joe Taslim, Chicco Jerikho","Dilema kehidupan cinta, keluarga, dan pengorbanan batin dalam memperjuangkan impian di tengah realitas sosial."
Mertua Galak Part 2,2014,Komedi,6.7,319,231036,Upi Avianto,"Refal Hady, Iqbaal Ramadhan, Adhisty Zara",Kekonyolan sekelompok pemuda yang terjerat masalah salah paham dan berusaha mencari jalan keluar dengan cara kocak.
Senja di Bumi Rafflesia: Babak 3,2014,Romantis,7.2,373,620045,Anggy Umbara,"Dian Sastrowardoyo, Pevita Pearce, Shenina Cinnamon","Dilema kehidupan cinta, keluarga, dan pengorbanan batin dalam memperjuangkan impian di tengah realitas sosial."
Cahaya di Batas Kota,2003,Romantis,6.7,268,80550,Guntur Soeharjanto,"Vino G. Bastian, Ario Bayu, Chelsea Islan","Dilema kehidupan cinta, keluarga, dan pengorbanan batin dalam memperjuangkan impian di tengah realitas sosial."
Darah Pembalasan Jakarta,2013,Action,6.0,255,558656,Riri Riza,"Adhisty Zara, Refal Hady, Fedi Nuril",Penyelidikan kasus konspirasi kriminal bawah tanah berujung baku tembak sengit dan pertarungan mempertaruhkan nyawa.
Mertua Galak Santuy: Babak 5,2016,Komedi,6.4,153,330564,Guntur Soeharjanto,"Nicholas Saputra, Muzakki Ramdhan, Vino G. Bastian",Kekonyolan sekelompok pemuda yang terjerat masalah salah paham dan berusaha mencari jalan keluar dengan cara kocak.
Duka di Sudut Ibu Kota,2003,Drama,7.4,543,495649,Sidharta Tata,"Tara Basro, Chicco Jerikho, Laura Basuki","Dilema kehidupan cinta, keluarga, dan pengorbanan batin dalam memperjuangkan impian di tengah realitas sosial."
Bayang Baja Sektor 9,2007,Action,6.2,480,1070265,Fajar Bustomi,"Nicholas Saputra, Laura Basuki, Tara Basro",Penyelidikan kasus konspirasi kriminal bawah tanah berujung baku tembak sengit dan pertarungan mempertaruhkan nyawa.
Duka di Batas Kota: Babak 5,2009,Drama,6.7,196,142859,Hanung Bramantyo,"Iko Uwais, Putri Marino, Iqbaal Ramadhan","Dilema kehidupan cinta, keluarga, dan pengorbanan batin dalam memperjuangkan impian di tengah realitas sosial."
Cahaya di Ujung Musim: Babak 2,2012,Religi,7.5,412,616587,Azhar Kinoi Lubis,"Jerome Kurnia, Chicco Jerikho, Laura Basuki","Dilema kehidupan cinta, keluarga, dan pengorbanan batin dalam memperjuangkan impian di tengah realitas sosial."
Janji di Sudut Ibu Kota: Babak 2,2018,Romantis,7.5,250,402413,Angga Dwimas Sasongko,"Ario Bayu, Chelsea Islan","Dilema kehidupan cinta, keluarga, dan pengorbanan batin dalam memperjuangkan impian di tengah realitas sosial."
Jeritan Rumah Iblis,2022,Horor,5.5,361,518520,Wregas Bhanuteja,"Prilly Latuconsina, Mawar de Jongh, Lukman Sardi",Teror kutukan mistis dan perjanjian gaib mengancam nyawa warga yang melanggar pantangan adat kuno.
Ritual Rumah Gaib,2012,Horor,5.2,252,558954,Riri Riza,"Reza Rahadian, Jerome Kurnia",Teror kutukan mistis dan perjanjian gaib mengancam nyawa warga yang melanggar pantangan adat kuno.
Rindu di Sudut Ibu Kota: Babak 3,2002,Religi,6.7,224,183912,Wregas Bhanuteja,"Nicholas Saputra, Christine Hakim, Lukman Sardi","Dilema kehidupan cinta, keluarga, dan pengorbanan batin dalam memperjuangkan impian di tengah realitas sosial."
Kepingan di Bumi Rafflesia,2014,Drama,6.8,291,341391,Muhadkly Acho,"Jerome Kurnia, Aghniny Haque, Marsha Timothy","Dilema kehidupan cinta, keluarga, dan pengorbanan batin dalam memperjuangkan impian di tengah realitas sosial."
Teror Pabrik Kegelapan,2020,Horor,5.3,579,1013065,Timo Tjahjanto,"Reza Rahadian, Muzakki Ramdhan",Teror kutukan mistis dan perjanjian gaib mengancam nyawa warga yang melanggar pantangan adat kuno.
Konspirasi 88 Sektor 9,2007,Action,7.1,483,461078,Rudi Soedjarwo,"Nicholas Saputra, Lukman Sardi, Prilly Latuconsina",Penyelidikan kasus konspirasi kriminal bawah tanah berujung baku tembak sengit dan pertarungan mempertaruhkan nyawa.
Arwah Desa Kuno,2010,Horor,5.9,1244,1973714,Muhadkly Acho,"Bryan Domani, Tissa Biani, Adhisty Zara",Teror kutukan mistis dan perjanjian gaib mengancam nyawa warga yang melanggar pantangan adat kuno.
Ritual Alas Iblis,2010,Horor,6.3,374,443174,Nayato Fio Nuala,"Pevita Pearce, Lukman Sardi, Rio Dewanto",Teror kutukan mistis dan perjanjian gaib mengancam nyawa warga yang melanggar pantangan adat kuno.
Kematian Alas Hitam,2023,Horor,6.1,884,1077036,Ernest Prakasa,"Rio Dewanto, Laura Basuki",Teror kutukan mistis dan perjanjian gaib mengancam nyawa warga yang melanggar pantangan adat kuno.
Cari Untung Keluarga,2004,Komedi,6.3,491,354357,Nayato Fio Nuala,"Ario Bayu, Slamet Rahardjo",Kekonyolan sekelompok pemuda yang terjerat masalah salah paham dan berusaha mencari jalan keluar dengan cara kocak.
Surat di Batas Kota,2022,Drama,6.1,206,353983,Timo Tjahjanto,"Laura Basuki, Jerome Kurnia, Vino G. Bastian","Dilema kehidupan cinta, keluarga, dan pengorbanan batin dalam memperjuangkan impian di tengah realitas sosial."
Surat di Batas Kota: Babak 5,2003,Romantis,7.1,329,72054,Rizal Mantovani,"Aghniny Haque, Chelsea Islan, Ario Bayu","Dilema kehidupan cinta, keluarga, dan pengorbanan batin dalam memperjuangkan impian di tengah realitas sosial."
Perjanjian Pabrik Menjelang Fajar,2002,Horor,5.1,558,1208451,Guntur Soeharjanto,"Dian Sastrowardoyo, Prilly Latuconsina, Adhisty Zara",Teror kutukan mistis dan perjanjian gaib mengancam nyawa warga yang melanggar pantangan adat kuno.
Petualangan Rimbaraya 2019,2019,Animasi,7.0,77,42495,Ody C. Harahap,"Iqbaal Ramadhan, Iko Uwais, Refal Hady",Petualangan fantasi penuh warna anak-anak pemberani menjelajahi alam Nusantara untuk menyelamatkan pusaka leluhur.
Gokil Total,2012,Komedi,6.8,395,216220,Rizal Mantovani,"Putri Marino, Prilly Latuconsina",Kekonyolan sekelompok pemuda yang terjerat masalah salah paham dan berusaha mencari jalan keluar dengan cara kocak.
Duka di Batas Kota: Babak 2,2017,Drama,7.1,522,549144,Nayato Fio Nuala,"Tara Basro, Angga Yunanda, Iko Uwais","Dilema kehidupan cinta, keluarga, dan pengorbanan batin dalam memperjuangkan impian di tengah realitas sosial."
Jejak di Balik Jendela,2002,Romantis,6.5,411,283026,Baim Wong,"Dian Sastrowardoyo, Reza Rahadian","Dilema kehidupan cinta, keluarga, dan pengorbanan batin dalam memperjuangkan impian di tengah realitas sosial."
Harapan di Bawah Langit,2009,Drama,7.4,466,802526,Ody C. Harahap,"Nicholas Saputra, Ario Bayu, Muzakki Ramdhan","Dilema kehidupan cinta, keluarga, dan pengorbanan batin dalam memperjuangkan impian di tengah realitas sosial."
Rintangan di Bumi Rafflesia: Babak 4,2018,Drama,8.0,576,1184298,Kamila Andini,"Iko Uwais, Adhisty Zara","Dilema kehidupan cinta, keluarga, dan pengorbanan batin dalam memperjuangkan impian di tengah realitas sosial."
Santet Rumah Hitam: Babak 5,2018,Horor,6.9,266,283169,Riri Riza,"Fedi Nuril, Muzakki Ramdhan",Teror kutukan mistis dan perjanjian gaib mengancam nyawa warga yang melanggar pantangan adat kuno.
Perjanjian Rumah Keramat,2008,Horor,6.8,313,374015,Sidharta Tata,"Refal Hady, Muzakki Ramdhan, Iqbaal Ramadhan",Teror kutukan mistis dan perjanjian gaib mengancam nyawa warga yang melanggar pantangan adat kuno.
Teror Pabrik Berdarah,2007,Horor,6.3,552,989304,Guntur Soeharjanto,"Shenina Cinnamon, Pevita Pearce, Mawar de Jongh",Teror kutukan mistis dan perjanjian gaib mengancam nyawa warga yang melanggar pantangan adat kuno.
Hantu Makam Kuno,2017,Horor,5.7,373,543528,Monty Tiwa,"Julie Estelle, Angga Yunanda, Ario Bayu",Teror kutukan mistis dan perjanjian gaib mengancam nyawa warga yang melanggar pantangan adat kuno.
Santet Desa Maut,2020,Horor,5.5,708,1933470,Hanung Bramantyo,"Jerome Kurnia, Joe Taslim, Muzakki Ramdhan",Teror kutukan mistis dan perjanjian gaib mengancam nyawa warga yang melanggar pantangan adat kuno.
Ritual Pantai Menjelang Fajar,2020,Horor,6.9,377,377609,Bayu Skak,"Chicco Jerikho, Angga Yunanda",Teror kutukan mistis dan perjanjian gaib mengancam nyawa warga yang melanggar pantangan adat kuno.
Hantu Lembah Terkutuk,2008,Thriller,7.1,302,97155,Ody C. Harahap,"Putri Marino, Iqbaal Ramadhan, Tissa Biani","Dilema kehidupan cinta, keluarga, dan pengorbanan batin dalam memperjuangkan impian di tengah realitas sosial."
Pesugihan Gua Kuno,2009,Horor,5.5,588,1279450,Wregas Bhanuteja,"Iko Uwais, Shenina Cinnamon",Teror kutukan mistis dan perjanjian gaib mengancam nyawa warga yang melanggar pantangan adat kuno.
Tumbal Danau Kegelapan,2010,Horor,5.1,293,678572,Bobby Prasetyo,"Shenina Cinnamon, Angga Yunanda",Teror kutukan mistis dan perjanjian gaib mengancam nyawa warga yang melanggar pantangan adat kuno.
Luka di Bawah Langit,2023,Romantis,6.9,499,1303528,Timo Tjahjanto,"Pevita Pearce, Taskya Namya","Dilema kehidupan cinta, keluarga, dan pengorbanan batin dalam memperjuangkan impian di tengah realitas sosial."
Dendam Gua Kegelapan,2009,Horor,5.4,3068,6274267,Awi Suryadi,"Shenina Cinnamon, Refal Hady",Teror kutukan mistis dan perjanjian gaib mengancam nyawa warga yang melanggar pantangan adat kuno.
Melodi di Bawah Langit: Babak 4,2009,Romantis,7.3,345,222051,Bobby Prasetyo,"Iko Uwais, Julie Estelle","Dilema kehidupan cinta, keluarga, dan pengorbanan batin dalam memperjuangkan impian di tengah realitas sosial."
Kacau Santuy: Babak 4,2007,Komedi,6.3,124,94624,Hadrah Daeng Ratu,"Chelsea Islan, Putri Marino, Chicco Jerikho",Kekonyolan sekelompok pemuda yang terjerat masalah salah paham dan berusaha mencari jalan keluar dengan cara kocak.
Teror Danau Jahanam,2017,Horor,5.9,625,1404657,Joko Anwar,"Fedi Nuril, Shenina Cinnamon",Teror kutukan mistis dan perjanjian gaib mengancam nyawa warga yang melanggar pantangan adat kuno.
Misteri Lembah Iblis,2021,Horor,5.2,287,261567,Bayu Skak,"Prilly Latuconsina, Iko Uwais, Christine Hakim",Teror kutukan mistis dan perjanjian gaib mengancam nyawa warga yang melanggar pantangan adat kuno.
Jeritan Hutan Leluhur,2018,Horor,5.3,948,2595744,Hanung Bramantyo,"Chelsea Islan, Marsha Timothy, Mawar de Jongh",Teror kutukan mistis dan perjanjian gaib mengancam nyawa warga yang melanggar pantangan adat kuno.
Misteri Alas Jahanam,2019,Horor,5.7,676,1614655,Guntur Soeharjanto,"Ario Bayu, Angga Yunanda",Teror kutukan mistis dan perjanjian gaib mengancam nyawa warga yang melanggar pantangan adat kuno.
Melodi di Batas Kota: Babak 2,2004,Drama,7.4,203,136782,Monty Tiwa,"Chelsea Islan, Reza Rahadian","Dilema kehidupan cinta, keluarga, dan pengorbanan batin dalam memperjuangkan impian di tengah realitas sosial."
Mertua Galak Season,2008,Komedi,6.6,353,465551,Monty Tiwa,"Prilly Latuconsina, Reza Rahadian",Kekonyolan sekelompok pemuda yang terjerat masalah salah paham dan berusaha mencari jalan keluar dengan cara kocak.
Arwah Alas Menjelang Fajar,2008,Horor,6.1,777,947366,Bayu Skak,"Iko Uwais, Vino G. Bastian",Teror kutukan mistis dan perjanjian gaib mengancam nyawa warga yang melanggar pantangan adat kuno.
Arwah Desa Leluhur,2013,Horor,7.1,545,1005756,Awi Suryadi,"Marsha Timothy, Rio Dewanto",Teror kutukan mistis dan perjanjian gaib mengancam nyawa warga yang melanggar pantangan adat kuno.
Kematian Sekolah Gaib,2026,Horor,6.5,323,231785,Monty Tiwa,"Reza Rahadian, Putri Marino",Teror kutukan mistis dan perjanjian gaib mengancam nyawa warga yang melanggar pantangan adat kuno.
Jodoh Nyasar Keluarga: Babak 4,2006,Komedi,6.4,487,673008,Guntur Soeharjanto,"Shenina Cinnamon, Joe Taslim",Kekonyolan sekelompok pemuda yang terjerat masalah salah paham dan berusaha mencari jalan keluar dengan cara kocak.
Penglaris Pabrik Keramat,2002,Horor,5.7,437,297408,Monty Tiwa,"Jerome Kurnia, Jefri Nichol",Teror kutukan mistis dan perjanjian gaib mengancam nyawa warga yang melanggar pantangan adat kuno.
Cari Untung Season,2022,Komedi,7.0,234,251419,Upi Avianto,"Taskya Namya, Nicholas Saputra, Lukman Sardi",Kekonyolan sekelompok pemuda yang terjerat masalah salah paham dan berusaha mencari jalan keluar dengan cara kocak.
Dendam Gua Maut,2007,Horor,6.5,713,1032503,Timo Tjahjanto,"Putri Marino, Prilly Latuconsina, Iqbaal Ramadhan",Teror kutukan mistis dan perjanjian gaib mengancam nyawa warga yang melanggar pantangan adat kuno.
Janji di Antara Dua Hati: Babak 3,2021,Drama,6.5,1556,2964018,Angga Dwimas Sasongko,"Prilly Latuconsina, Fedi Nuril","Dilema kehidupan cinta, keluarga, dan pengorbanan batin dalam memperjuangkan impian di tengah realitas sosial."
Tumbal Danau Hitam,2012,Horor,5.9,765,1191922,Charles Gozali,"Fedi Nuril, Julie Estelle, Laura Basuki",Teror kutukan mistis dan perjanjian gaib mengancam nyawa warga yang melanggar pantangan adat kuno.
Surat di Bawah Langit: Babak 2,2020,Romantis,7.5,282,133194,Fajar Bustomi,"Adhisty Zara, Chelsea Islan","Dilema kehidupan cinta, keluarga, dan pengorbanan batin dalam memperjuangkan impian di tengah realitas sosial."
Ngenes Santuy,2023,Komedi,6.8,507,261912,Kimo Stamboel,"Aghniny Haque, Julie Estelle, Iko Uwais",Kekonyolan sekelompok pemuda yang terjerat masalah salah paham dan berusaha mencari jalan keluar dengan cara kocak.
Rintangan di Bawah Langit: Babak 5,2012,Drama,7.0,452,234254,Rizal Mantovani,"Bryan Domani, Aghniny Haque","Dilema kehidupan cinta, keluarga, dan pengorbanan batin dalam memperjuangkan impian di tengah realitas sosial."
Harapan di Bawah Langit: Babak 4,2021,Romantis,7.0,288,107731,Anggy Umbara,"Iko Uwais, Rio Dewanto","Dilema kehidupan cinta, keluarga, dan pengorbanan batin dalam memperjuangkan impian di tengah realitas sosial."
Jeritan Asrama Berdarah,2016,Horor,5.5,2620,5165149,Muhadkly Acho,"Marsha Timothy, Chelsea Islan",Teror kutukan mistis dan perjanjian gaib mengancam nyawa warga yang melanggar pantangan adat kuno.
Target Buron Terakhir: Babak 2,2015,Action,5.9,472,396160,Ody C. Harahap,"Lukman Sardi, Laura Basuki",Penyelidikan kasus konspirasi kriminal bawah tanah berujung baku tembak sengit dan pertarungan mempertaruhkan nyawa.
Arwah Alas Berdarah,2026,Horor,6.3,562,1263661,Fajar Nugros,"Prilly Latuconsina, Taskya Namya, Shenina Cinnamon",Teror kutukan mistis dan perjanjian gaib mengancam nyawa warga yang melanggar pantangan adat kuno.
Kacau Abis: Babak 4,2010,Komedi,7.4,410,394128,Monty Tiwa,"Rio Dewanto, Vino G. Bastian, Prilly Latuconsina",Kekonyolan sekelompok pemuda yang terjerat masalah salah paham dan berusaha mencari jalan keluar dengan cara kocak.
Teror Hutan Jahanam,2021,Horor,6.0,301,175670,Kimo Stamboel,"Chelsea Islan, Lukman Sardi",Teror kutukan mistis dan perjanjian gaib mengancam nyawa warga yang melanggar pantangan adat kuno.
Bikin Ribet Lagi,2014,Komedi,6.6,265,245629,Fajar Bustomi,"Ario Bayu, Jerome Kurnia, Refal Hady",Kekonyolan sekelompok pemuda yang terjerat masalah salah paham dan berusaha mencari jalan keluar dengan cara kocak.
Kepingan di Ujung Musim: Babak 3,2018,Romantis,7.3,245,368424,Nayato Fio Nuala,"Marsha Timothy, Chelsea Islan, Reza Rahadian","Dilema kehidupan cinta, keluarga, dan pengorbanan batin dalam memperjuangkan impian di tengah realitas sosial."
Duka di Batas Kota: Babak 3,2018,Religi,7.0,227,366649,Baim Wong,"Nicholas Saputra, Mawar de Jongh","Dilema kehidupan cinta, keluarga, dan pengorbanan batin dalam memperjuangkan impian di tengah realitas sosial."
Harapan di Bawah Langit: Babak 5,2011,Drama,6.1,342,554121,Kimo Stamboel,"Mawar de Jongh, Pevita Pearce, Christine Hakim","Dilema kehidupan cinta, keluarga, dan pengorbanan batin dalam memperjuangkan impian di tengah realitas sosial."
Jejak di Balik Jendela: Babak 2,2004,Religi,7.4,255,333481,Baim Wong,"Christine Hakim, Tara Basro","Dilema kehidupan cinta, keluarga, dan pengorbanan batin dalam memperjuangkan impian di tengah realitas sosial."
Duka di Ujung Musim,2022,Drama,6.6,609,597204,Nayato Fio Nuala,"Vino G. Bastian, Jefri Nichol","Dilema kehidupan cinta, keluarga, dan pengorbanan batin dalam memperjuangkan impian di tengah realitas sosial."
Janji di Bumi Rafflesia: Babak 3,2004,Drama,6.5,422,160790,Fajar Bustomi,"Aghniny Haque, Adhisty Zara","Dilema kehidupan cinta, keluarga, dan pengorbanan batin dalam memperjuangkan impian di tengah realitas sosial."
Santet Sekolah Terkutuk,2004,Horor,5.9,534,342818,Bayu Skak,"Mawar de Jongh, Julie Estelle, Iko Uwais",Teror kutukan mistis dan perjanjian gaib mengancam nyawa warga yang melanggar pantangan adat kuno.
Batas di Batas Kota: Babak 4,2007,Drama,7.3,278,255674,Ody C. Harahap,"Pevita Pearce, Dian Sastrowardoyo","Dilema kehidupan cinta, keluarga, dan pengorbanan batin dalam memperjuangkan impian di tengah realitas sosial."
Petualangan Satria 2013,2013,Animasi,7.6,137,57887,Bobby Prasetyo,"Marsha Timothy, Refal Hady, Mawar de Jongh",Petualangan fantasi penuh warna anak-anak pemberani menjelajahi alam Nusantara untuk menyelamatkan pusaka leluhur.
Lentera di Bawah Langit: Babak 5,2012,Romantis,7.1,728,2135906,Bobby Prasetyo,"Jefri Nichol, Prilly Latuconsina","Dilema kehidupan cinta, keluarga, dan pengorbanan batin dalam memperjuangkan impian di tengah realitas sosial."
Jeritan Rumah Terkutuk,2010,Horor,5.8,185,262484,Azhar Kinoi Lubis,"Laura Basuki, Chelsea Islan, Bryan Domani",Teror kutukan mistis dan perjanjian gaib mengancam nyawa warga yang melanggar pantangan adat kuno.
Senja di Sudut Ibu Kota: Babak 4,2016,Drama,6.1,358,443052,Awi Suryadi,"Mawar de Jongh, Shenina Cinnamon","Dilema kehidupan cinta, keluarga, dan pengorbanan batin dalam memperjuangkan impian di tengah realitas sosial."
Dendam Danau Maut,2006,Horor,6.2,683,1528763,Rizal Mantovani,"Lukman Sardi, Fedi Nuril, Tara Basro",Teror kutukan mistis dan perjanjian gaib mengancam nyawa warga yang melanggar pantangan adat kuno.
Pelukan di Bawah Langit: Babak 2,2021,Romantis,5.5,416,67553,Kimo Stamboel,"Mawar de Jongh, Bryan Domani, Rio Dewanto","Dilema kehidupan cinta, keluarga, dan pengorbanan batin dalam memperjuangkan impian di tengah realitas sosial."
Ritual Gua Maut,2017,Horor,6.1,316,178941,Nayato Fio Nuala,"Fedi Nuril, Shenina Cinnamon",Teror kutukan mistis dan perjanjian gaib mengancam nyawa warga yang melanggar pantangan adat kuno.
Teror Hutan Berdarah,2002,Horor,6.4,473,500616,Riri Riza,"Aghniny Haque, Tara Basro",Teror kutukan mistis dan perjanjian gaib mengancam nyawa warga yang melanggar pantangan adat kuno.
Tumbal Alas Iblis,2016,Horor,6.3,145,69628,Wregas Bhanuteja,"Adhisty Zara, Reza Rahadian",Teror kutukan mistis dan perjanjian gaib mengancam nyawa warga yang melanggar pantangan adat kuno.
Geng Keluarga: Babak 4,2014,Komedi,6.8,542,749707,Rizal Mantovani,"Adhisty Zara, Iko Uwais",Kekonyolan sekelompok pemuda yang terjerat masalah salah paham dan berusaha mencari jalan keluar dengan cara kocak.
Penglaris Lembah Terkutuk,2023,Horor,6.2,760,1186751,Fajar Bustomi,"Tara Basro, Fedi Nuril",Teror kutukan mistis dan perjanjian gaib mengancam nyawa warga yang melanggar pantangan adat kuno.
Mertua Galak Keluarga,2026,Komedi,7.4,401,402890,Baim Wong,"Jefri Nichol, Angga Yunanda",Kekonyolan sekelompok pemuda yang terjerat masalah salah paham dan berusaha mencari jalan keluar dengan cara kocak.
Arwah Desa Leluhur: Babak 3,2020,Horor,6.4,573,631212,Rizal Mantovani,"Chelsea Islan, Lukman Sardi",Teror kutukan mistis dan perjanjian gaib mengancam nyawa warga yang melanggar pantangan adat kuno.
Kacau Santuy: Babak 2,2002,Komedi,6.3,370,139578,Fajar Bustomi,"Jefri Nichol, Prilly Latuconsina, Dian Sastrowardoyo",Kekonyolan sekelompok pemuda yang terjerat masalah salah paham dan berusaha mencari jalan keluar dengan cara kocak.
Surat di Batas Kota: Babak 2,2014,Romantis,6.7,477,278042,Upi Avianto,"Jerome Kurnia, Adhisty Zara","Dilema kehidupan cinta, keluarga, dan pengorbanan batin dalam memperjuangkan impian di tengah realitas sosial."
Modal Nekat Keluarga,2004,Komedi,7.3,387,64251,Rizal Mantovani,"Aghniny Haque, Vino G. Bastian",Kekonyolan sekelompok pemuda yang terjerat masalah salah paham dan berusaha mencari jalan keluar dengan cara kocak.
Mertua Galak Abis: Babak 2,2010,Komedi,7.4,481,249067,Charles Gozali,"Chelsea Islan, Dian Sastrowardoyo, Refal Hady",Kekonyolan sekelompok pemuda yang terjerat masalah salah paham dan berusaha mencari jalan keluar dengan cara kocak.
Penglaris Pantai Hitam,2003,Horor,5.5,210,352638,Joko Anwar,"Reza Rahadian, Dian Sastrowardoyo",Teror kutukan mistis dan perjanjian gaib mengancam nyawa warga yang melanggar pantangan adat kuno.
Janji di Sudut Ibu Kota: Babak 3,2009,Drama,7.9,452,1430474,Monty Tiwa,"Pevita Pearce, Refal Hady","Dilema kehidupan cinta, keluarga, dan pengorbanan batin dalam memperjuangkan impian di tengah realitas sosial."
Perjanjian Makam Keramat,2023,Horor,5.4,359,1024440,Rizal Mantovani,"Laura Basuki, Iqbaal Ramadhan",Teror kutukan mistis dan perjanjian gaib mengancam nyawa warga yang melanggar pantangan adat kuno.
Geng Lagi,2011,Komedi,6.3,372,251769,Fajar Nugros,"Chicco Jerikho, Dian Sastrowardoyo, Julie Estelle",Kekonyolan sekelompok pemuda yang terjerat masalah salah paham dan berusaha mencari jalan keluar dengan cara kocak.
Kematian Alas Terkutuk,2005,Horor,6.0,162,132654,Bobby Prasetyo,"Jerome Kurnia, Adhisty Zara",Teror kutukan mistis dan perjanjian gaib mengancam nyawa warga yang melanggar pantangan adat kuno.
Luka di Batas Kota,2014,Drama,7.7,555,686892,Hanung Bramantyo,"Tara Basro, Tissa Biani","Dilema kehidupan cinta, keluarga, dan pengorbanan batin dalam memperjuangkan impian di tengah realitas sosial."
Kematian Asrama Iblis: Babak 3,2026,Horor,7.4,406,471657,Timo Tjahjanto,"Jerome Kurnia, Laura Basuki",Teror kutukan mistis dan perjanjian gaib mengancam nyawa warga yang melanggar pantangan adat kuno.
Arwah Asrama Leluhur: Babak 3,2017,Horor,5.0,635,802122,Anggy Umbara,"Laura Basuki, Prilly Latuconsina, Adhisty Zara",Teror kutukan mistis dan perjanjian gaib mengancam nyawa warga yang melanggar pantangan adat kuno.
Cahaya di Batas Kota: Babak 4,2019,Drama,7.4,365,260091,Fajar Bustomi,"Adhisty Zara, Chicco Jerikho, Laura Basuki","Dilema kehidupan cinta, keluarga, dan pengorbanan batin dalam memperjuangkan impian di tengah realitas sosial."
Misteri Kamar Berdarah,2017,Horor,6.1,418,526235,Nayato Fio Nuala,"Pevita Pearce, Dian Sastrowardoyo",Teror kutukan mistis dan perjanjian gaib mengancam nyawa warga yang melanggar pantangan adat kuno.
Santet Alas Terkutuk,2018,Horor,5.9,505,1055835,Ody C. Harahap,"Reza Rahadian, Taskya Namya",Teror kutukan mistis dan perjanjian gaib mengancam nyawa warga yang melanggar pantangan adat kuno.
Surat di Sudut Ibu Kota: Babak 4,2014,Drama,5.9,246,121731,Fajar Nugros,"Angga Yunanda, Rio Dewanto, Julie Estelle","Dilema kehidupan cinta, keluarga, dan pengorbanan batin dalam memperjuangkan impian di tengah realitas sosial."
Harapan di Antara Dua Hati: Babak 5,2008,Drama,7.4,139,206685,Bayu Skak,"Adhisty Zara, Angga Yunanda","Dilema kehidupan cinta, keluarga, dan pengorbanan batin dalam memperjuangkan impian di tengah realitas sosial."
Harapan di Balik Jendela: Babak 3,2003,Drama,6.3,367,90300,Fajar Nugros,"Shenina Cinnamon, Chicco Jerikho","Dilema kehidupan cinta, keluarga, dan pengorbanan batin dalam memperjuangkan impian di tengah realitas sosial."
Salah Tangkap Keluarga,2022,Komedi,5.7,356,387205,Timo Tjahjanto,"Tara Basro, Aghniny Haque",Kekonyolan sekelompok pemuda yang terjerat masalah salah paham dan berusaha mencari jalan keluar dengan cara kocak.
Ritual Gua Kuno,2026,Horor,6.8,469,507271,Yandy Laurens,"Iqbaal Ramadhan, Angga Yunanda",Teror kutukan mistis dan perjanjian gaib mengancam nyawa warga yang melanggar pantangan adat kuno.
Petualangan Si Bolang 2022,2022,Animasi,6.8,417,91675,Hadrah Daeng Ratu,"Dian Sastrowardoyo, Christine Hakim",Petualangan fantasi penuh warna anak-anak pemberani menjelajahi alam Nusantara untuk menyelamatkan pusaka leluhur.
Ngenes Bikin Pusing,2024,Komedi,5.5,513,1058747,Joko Anwar,"Aghniny Haque, Mawar de Jongh, Pevita Pearce",Kekonyolan sekelompok pemuda yang terjerat masalah salah paham dan berusaha mencari jalan keluar dengan cara kocak.
Pelukan di Bawah Langit: Babak 5,2011,Drama,7.2,403,138718,Baim Wong,"Iko Uwais, Slamet Rahardjo","Dilema kehidupan cinta, keluarga, dan pengorbanan batin dalam memperjuangkan impian di tengah realitas sosial."
Dendam Hutan Keramat,2005,Horor,7.6,236,415077,Fajar Bustomi,"Putri Marino, Nicholas Saputra, Rio Dewanto",Teror kutukan mistis dan perjanjian gaib mengancam nyawa warga yang melanggar pantangan adat kuno.
Cahaya di Antara Dua Hati: Babak 3,2015,Romantis,6.6,633,473408,Kimo Stamboel,"Fedi Nuril, Tara Basro, Bryan Domani","Dilema kehidupan cinta, keluarga, dan pengorbanan batin dalam memperjuangkan impian di tengah realitas sosial."
Surat di Bumi Rafflesia,2005,Romantis,7.2,544,657674,Azhar Kinoi Lubis,"Iqbaal Ramadhan, Pevita Pearce, Shenina Cinnamon","Dilema kehidupan cinta, keluarga, dan pengorbanan batin dalam memperjuangkan impian di tengah realitas sosial."
Cahaya di Bumi Rafflesia: Babak 4,2021,Religi,8.1,152,240958,Fajar Bustomi,"Slamet Rahardjo, Bryan Domani, Joe Taslim","Dilema kehidupan cinta, keluarga, dan pengorbanan batin dalam memperjuangkan impian di tengah realitas sosial."
Jeritan Pabrik Iblis,2021,Horor,5.6,548,1099205,Bayu Skak,"Jerome Kurnia, Reza Rahadian, Iko Uwais",Teror kutukan mistis dan perjanjian gaib mengancam nyawa warga yang melanggar pantangan adat kuno.
Perjanjian Hutan Hitam,2004,Horor,5.2,310,546869,Hanung Bramantyo,"Dian Sastrowardoyo, Marsha Timothy",Teror kutukan mistis dan perjanjian gaib mengancam nyawa warga yang melanggar pantangan adat kuno.
Cahaya di Batas Kota: Babak 3,2019,Drama,7.9,289,288039,Rudi Soedjarwo,"Prilly Latuconsina, Chicco Jerikho, Ario Bayu","Dilema kehidupan cinta, keluarga, dan pengorbanan batin dalam memperjuangkan impian di tengah realitas sosial."
Kepingan di Antara Dua Hati: Babak 5,2015,Drama,7.1,470,302162,Nayato Fio Nuala,"Putri Marino, Slamet Rahardjo, Joe Taslim","Dilema kehidupan cinta, keluarga, dan pengorbanan batin dalam memperjuangkan impian di tengah realitas sosial."
Ritual Desa Leluhur,2019,Horor,5.8,493,497498,Sidharta Tata,"Nicholas Saputra, Shenina Cinnamon, Iko Uwais",Teror kutukan mistis dan perjanjian gaib mengancam nyawa warga yang melanggar pantangan adat kuno.
Bayang Baja 24 Jam,2016,Action,6.4,212,342917,Ody C. Harahap,"Taskya Namya, Bryan Domani, Adhisty Zara",Penyelidikan kasus konspirasi kriminal bawah tanah berujung baku tembak sengit dan pertarungan mempertaruhkan nyawa.
Dendam Lembah Keramat,2013,Horor,5.8,828,2255090,Nayato Fio Nuala,"Bryan Domani, Julie Estelle, Vino G. Bastian",Teror kutukan mistis dan perjanjian gaib mengancam nyawa warga yang melanggar pantangan adat kuno.
Surat di Sudut Ibu Kota: Babak 5,2019,Romantis,6.5,726,1099623,Riri Riza,"Prilly Latuconsina, Iko Uwais","Dilema kehidupan cinta, keluarga, dan pengorbanan batin dalam memperjuangkan impian di tengah realitas sosial."
Kematian Makam Terkutuk,2017,Horor,5.8,326,443293,Kamila Andini,"Pevita Pearce, Nicholas Saputra, Tissa Biani",Teror kutukan mistis dan perjanjian gaib mengancam nyawa warga yang melanggar pantangan adat kuno.
Petualangan Rimbaraya 2019: Babak 2,2019,Animasi,6.5,708,634351,Awi Suryadi,"Jerome Kurnia, Prilly Latuconsina",Petualangan fantasi penuh warna anak-anak pemberani menjelajahi alam Nusantara untuk menyelamatkan pusaka leluhur.
Jeritan Rumah Berdarah,2016,Horor,5.7,649,945242,Nayato Fio Nuala,"Shenina Cinnamon, Jefri Nichol",Teror kutukan mistis dan perjanjian gaib mengancam nyawa warga yang melanggar pantangan adat kuno.
Hantu Kamar Keramat,2007,Horor,6.2,545,777381,Kamila Andini,"Jefri Nichol, Jerome Kurnia, Nicholas Saputra",Teror kutukan mistis dan perjanjian gaib mengancam nyawa warga yang melanggar pantangan adat kuno.
Janji di Bawah Langit: Babak 5,2013,Romantis,7.8,384,207945,Angga Dwimas Sasongko,"Refal Hady, Pevita Pearce","Dilema kehidupan cinta, keluarga, dan pengorbanan batin dalam memperjuangkan impian di tengah realitas sosial."
Darah Pembalasan Merah: Babak 3,2024,Action,6.9,356,363333,Rizal Mantovani,"Nicholas Saputra, Christine Hakim, Iqbaal Ramadhan",Penyelidikan kasus konspirasi kriminal bawah tanah berujung baku tembak sengit dan pertarungan mempertaruhkan nyawa.
Dendam Rumah Maut,2005,Horor,6.0,190,277745,Anggy Umbara,"Aghniny Haque, Iqbaal Ramadhan, Julie Estelle",Teror kutukan mistis dan perjanjian gaib mengancam nyawa warga yang melanggar pantangan adat kuno.
Dendam Hitam Darah,2015,Action,7.2,216,704914,Azhar Kinoi Lubis,"Tara Basro, Laura Basuki",Penyelidikan kasus konspirasi kriminal bawah tanah berujung baku tembak sengit dan pertarungan mempertaruhkan nyawa.
Ngenes Lagi: Babak 4,2011,Komedi,7.3,567,959439,Baim Wong,"Chicco Jerikho, Joe Taslim",Kekonyolan sekelompok pemuda yang terjerat masalah salah paham dan berusaha mencari jalan keluar dengan cara kocak.
Hantu Gua Terkutuk,2009,Horor,7.0,465,578928,Awi Suryadi,"Tissa Biani, Christine Hakim, Joe Taslim",Teror kutukan mistis dan perjanjian gaib mengancam nyawa warga yang melanggar pantangan adat kuno.
Kutukan Rumah Menjelang Fajar,2020,Horor,6.1,215,236821,Bobby Prasetyo,"Chelsea Islan, Chicco Jerikho",Teror kutukan mistis dan perjanjian gaib mengancam nyawa warga yang melanggar pantangan adat kuno.
Cahaya di Bumi Rafflesia: Babak 3,2024,Drama,7.5,162,329740,Monty Tiwa,"Muzakki Ramdhan, Tara Basro, Jerome Kurnia","Dilema kehidupan cinta, keluarga, dan pengorbanan batin dalam memperjuangkan impian di tengah realitas sosial."
Dendam Hutan Kuno,2002,Horor,5.3,429,706542,Yandy Laurens,"Muzakki Ramdhan, Pevita Pearce, Tara Basro",Teror kutukan mistis dan perjanjian gaib mengancam nyawa warga yang melanggar pantangan adat kuno.
Dendam Hutan Maut,2017,Horor,5.7,523,275849,Nayato Fio Nuala,"Refal Hady, Tara Basro",Teror kutukan mistis dan perjanjian gaib mengancam nyawa warga yang melanggar pantangan adat kuno.
Ritual Lembah Leluhur,2024,Horor,7.2,347,203528,Rudi Soedjarwo,"Ario Bayu, Chicco Jerikho, Aghniny Haque",Teror kutukan mistis dan perjanjian gaib mengancam nyawa warga yang melanggar pantangan adat kuno.
Teror Makam Menjelang Fajar,2003,Horor,5.0,147,117471,Joko Anwar,"Jerome Kurnia, Iko Uwais",Teror kutukan mistis dan perjanjian gaib mengancam nyawa warga yang melanggar pantangan adat kuno.
Teror Hutan Jahanam: Babak 2,2011,Horor,5.9,426,190340,Joko Anwar,"Bryan Domani, Jefri Nichol",Teror kutukan mistis dan perjanjian gaib mengancam nyawa warga yang melanggar pantangan adat kuno.
Ritual Danau Kegelapan,2009,Horor,5.2,558,922351,Upi Avianto,"Slamet Rahardjo, Aghniny Haque",Teror kutukan mistis dan perjanjian gaib mengancam nyawa warga yang melanggar pantangan adat kuno.
Dendam Gua Maut: Babak 3,2019,Horor,6.7,430,891516,Awi Suryadi,"Vino G. Bastian, Putri Marino, Prilly Latuconsina",Teror kutukan mistis dan perjanjian gaib mengancam nyawa warga yang melanggar pantangan adat kuno.
Lentera di Balik Jendela: Babak 3,2019,Drama,7.3,356,34425,Monty Tiwa,"Reza Rahadian, Ario Bayu, Marsha Timothy","Dilema kehidupan cinta, keluarga, dan pengorbanan batin dalam memperjuangkan impian di tengah realitas sosial."
Harapan di Batas Kota: Babak 4,2010,Romantis,6.6,330,155024,Azhar Kinoi Lubis,"Dian Sastrowardoyo, Lukman Sardi","Dilema kehidupan cinta, keluarga, dan pengorbanan batin dalam memperjuangkan impian di tengah realitas sosial."
Batas di Balik Jendela: Babak 5,2025,Romantis,6.4,503,601339,Hadrah Daeng Ratu,"Putri Marino, Vino G. Bastian, Jefri Nichol","Dilema kehidupan cinta, keluarga, dan pengorbanan batin dalam memperjuangkan impian di tengah realitas sosial."
Jodoh Nyasar Season: Babak 3,2025,Komedi,6.9,395,236048,Wregas Bhanuteja,"Taskya Namya, Tara Basro, Aghniny Haque",Kekonyolan sekelompok pemuda yang terjerat masalah salah paham dan berusaha mencari jalan keluar dengan cara kocak.
Pelukan di Bumi Rafflesia: Babak 3,2019,Drama,7.2,146,150352,Baim Wong,"Nicholas Saputra, Christine Hakim, Jefri Nichol","Dilema kehidupan cinta, keluarga, dan pengorbanan batin dalam memperjuangkan impian di tengah realitas sosial."
Salah Tangkap Season,2021,Komedi,6.3,253,198732,Guntur Soeharjanto,"Tara Basro, Ario Bayu, Fedi Nuril",Kekonyolan sekelompok pemuda yang terjerat masalah salah paham dan berusaha mencari jalan keluar dengan cara kocak.
Penglaris Desa Maut,2016,Horor,5.6,427,470160,Monty Tiwa,"Shenina Cinnamon, Nicholas Saputra, Reza Rahadian",Teror kutukan mistis dan perjanjian gaib mengancam nyawa warga yang melanggar pantangan adat kuno.
Kematian Sekolah Menjelang Fajar,2019,Horor,6.2,292,342230,Fajar Bustomi,"Putri Marino, Rio Dewanto",Teror kutukan mistis dan perjanjian gaib mengancam nyawa warga yang melanggar pantangan adat kuno.
Hantu Rumah Kegelapan: Babak 3,2021,Horor,5.5,445,611272,Hadrah Daeng Ratu,"Putri Marino, Taskya Namya",Teror kutukan mistis dan perjanjian gaib mengancam nyawa warga yang melanggar pantangan adat kuno.
Mertua Galak Part 2: Babak 5,2002,Komedi,7.2,441,295085,Kimo Stamboel,"Pevita Pearce, Adhisty Zara",Kekonyolan sekelompok pemuda yang terjerat masalah salah paham dan berusaha mencari jalan keluar dengan cara kocak.
Lentera di Batas Kota,2003,Drama,7.4,595,929633,Nayato Fio Nuala,"Taskya Namya, Chicco Jerikho","Dilema kehidupan cinta, keluarga, dan pengorbanan batin dalam memperjuangkan impian di tengah realitas sosial."
Pesugihan Pantai Jahanam,2015,Horor,6.4,323,426061,Kimo Stamboel,"Laura Basuki, Fedi Nuril, Bryan Domani",Teror kutukan mistis dan perjanjian gaib mengancam nyawa warga yang melanggar pantangan adat kuno.
Ritual Pabrik Leluhur,2024,Horor,5.3,526,405670,Muhadkly Acho,"Iqbaal Ramadhan, Laura Basuki, Mawar de Jongh",Teror kutukan mistis dan perjanjian gaib mengancam nyawa warga yang melanggar pantangan adat kuno.
Hantu Rumah Keramat,2017,Horor,6.4,345,519243,Wregas Bhanuteja,"Tissa Biani, Rio Dewanto",Teror kutukan mistis dan perjanjian gaib mengancam nyawa warga yang melanggar pantangan adat kuno.
Senja di Bawah Langit,2011,Religi,7.1,473,537843,Ernest Prakasa,"Bryan Domani, Ario Bayu","Dilema kehidupan cinta, keluarga, dan pengorbanan batin dalam memperjuangkan impian di tengah realitas sosial."
Cari Untung Season: Babak 4,2019,Komedi,7.7,657,700351,Riri Riza,"Julie Estelle, Adhisty Zara, Ario Bayu",Kekonyolan sekelompok pemuda yang terjerat masalah salah paham dan berusaha mencari jalan keluar dengan cara kocak.
Cari Untung Lagi: Babak 4,2006,Komedi,7.1,341,148847,Baim Wong,"Lukman Sardi, Prilly Latuconsina",Kekonyolan sekelompok pemuda yang terjerat masalah salah paham dan berusaha mencari jalan keluar dengan cara kocak.
Kematian Pantai Leluhur,2013,Thriller,6.6,332,68252,Hanung Bramantyo,"Laura Basuki, Fedi Nuril","Dilema kehidupan cinta, keluarga, dan pengorbanan batin dalam memperjuangkan impian di tengah realitas sosial."
Modal Nekat Bikin Pusing,2021,Komedi,7.3,357,336863,Sidharta Tata,"Christine Hakim, Bryan Domani, Pevita Pearce",Kekonyolan sekelompok pemuda yang terjerat masalah salah paham dan berusaha mencari jalan keluar dengan cara kocak.
Hantu Pantai Leluhur,2020,Horor,6.5,424,361346,Kimo Stamboel,"Rio Dewanto, Putri Marino, Reza Rahadian",Teror kutukan mistis dan perjanjian gaib mengancam nyawa warga yang melanggar pantangan adat kuno.
Salah Tangkap Bikin Pusing: Babak 4,2012,Komedi,7.2,366,309662,Kimo Stamboel,"Marsha Timothy, Angga Yunanda",Kekonyolan sekelompok pemuda yang terjerat masalah salah paham dan berusaha mencari jalan keluar dengan cara kocak.
Gokil Bikin Pusing: Babak 3,2018,Komedi,5.9,141,129681,Joko Anwar,"Iqbaal Ramadhan, Putri Marino, Shenina Cinnamon",Kekonyolan sekelompok pemuda yang terjerat masalah salah paham dan berusaha mencari jalan keluar dengan cara kocak.
Modal Nekat Abis: Babak 4,2013,Komedi,6.5,592,865077,Fajar Nugros,"Marsha Timothy, Ario Bayu, Reza Rahadian",Kekonyolan sekelompok pemuda yang terjerat masalah salah paham dan berusaha mencari jalan keluar dengan cara kocak.
Rintangan di Bawah Langit: Babak 2,2023,Romantis,6.6,760,1756260,Wregas Bhanuteja,"Angga Yunanda, Julie Estelle, Dian Sastrowardoyo","Dilema kehidupan cinta, keluarga, dan pengorbanan batin dalam memperjuangkan impian di tengah realitas sosial."
Lentera di Batas Kota: Babak 3,2023,Drama,7.3,202,405615,Kimo Stamboel,"Shenina Cinnamon, Jerome Kurnia","Dilema kehidupan cinta, keluarga, dan pengorbanan batin dalam memperjuangkan impian di tengah realitas sosial."
Surat di Balik Jendela: Babak 4,2006,Romantis,7.2,296,200480,Monty Tiwa,"Prilly Latuconsina, Adhisty Zara","Dilema kehidupan cinta, keluarga, dan pengorbanan batin dalam memperjuangkan impian di tengah realitas sosial."
Batas di Bumi Rafflesia: Babak 3,2025,Religi,8.1,354,290451,Bayu Skak,"Iko Uwais, Laura Basuki","Dilema kehidupan cinta, keluarga, dan pengorbanan batin dalam memperjuangkan impian di tengah realitas sosial."
Rintangan di Antara Dua Hati,2005,Drama,7.5,429,384493,Timo Tjahjanto,"Aghniny Haque, Slamet Rahardjo, Bryan Domani","Dilema kehidupan cinta, keluarga, dan pengorbanan batin dalam memperjuangkan impian di tengah realitas sosial."
Pelukan di Batas Kota: Babak 5,2013,Religi,7.9,460,272285,Joko Anwar,"Reza Rahadian, Rio Dewanto, Marsha Timothy","Dilema kehidupan cinta, keluarga, dan pengorbanan batin dalam memperjuangkan impian di tengah realitas sosial."
Pesugihan Kamar Keramat,2026,Horor,6.8,313,184864,Riri Riza,"Pevita Pearce, Aghniny Haque, Iqbaal Ramadhan",Teror kutukan mistis dan perjanjian gaib mengancam nyawa warga yang melanggar pantangan adat kuno.
Jodoh Nyasar Total: Babak 4,2003,Komedi,6.8,572,859115,Ernest Prakasa,"Angga Yunanda, Rio Dewanto, Muzakki Ramdhan",Kekonyolan sekelompok pemuda yang terjerat masalah salah paham dan berusaha mencari jalan keluar dengan cara kocak.
Teror Hutan Kegelapan,2002,Horor,7.3,437,603425,Joko Anwar,"Ario Bayu, Tissa Biani",Teror kutukan mistis dan perjanjian gaib mengancam nyawa warga yang melanggar pantangan adat kuno.
Ngenes Santuy: Babak 2,2019,Komedi,6.3,272,645567,Upi Avianto,"Lukman Sardi, Julie Estelle, Iqbaal Ramadhan",Kekonyolan sekelompok pemuda yang terjerat masalah salah paham dan berusaha mencari jalan keluar dengan cara kocak.
Kematian Makam Keramat,2021,Horor,5.6,469,498505,Hadrah Daeng Ratu,"Fedi Nuril, Jefri Nichol",Teror kutukan mistis dan perjanjian gaib mengancam nyawa warga yang melanggar pantangan adat kuno.
Piknik Bencana Season,2013,Komedi,6.1,562,383602,Hanung Bramantyo,"Iko Uwais, Putri Marino, Refal Hady",Kekonyolan sekelompok pemuda yang terjerat masalah salah paham dan berusaha mencari jalan keluar dengan cara kocak.
Pesugihan Asrama Gaib,2003,Horor,5.7,909,2008694,Rudi Soedjarwo,"Lukman Sardi, Tissa Biani",Teror kutukan mistis dan perjanjian gaib mengancam nyawa warga yang melanggar pantangan adat kuno.
Benteng Terakhir Merah: Babak 3,2006,Action,5.8,369,104699,Kimo Stamboel,"Chelsea Islan, Taskya Namya, Christine Hakim",Penyelidikan kasus konspirasi kriminal bawah tanah berujung baku tembak sengit dan pertarungan mempertaruhkan nyawa.
Surat di Balik Jendela: Babak 5,2023,Drama,7.8,184,449514,Joko Anwar,"Ario Bayu, Tara Basro","Dilema kehidupan cinta, keluarga, dan pengorbanan batin dalam memperjuangkan impian di tengah realitas sosial."
Santet Kamar Leluhur,2026,Horor,6.7,515,310258,Sidharta Tata,"Adhisty Zara, Marsha Timothy, Jerome Kurnia",Teror kutukan mistis dan perjanjian gaib mengancam nyawa warga yang melanggar pantangan adat kuno.
Surat di Bumi Rafflesia: Babak 5,2017,Romantis,8.3,399,593430,Bayu Skak,"Rio Dewanto, Aghniny Haque, Putri Marino","Dilema kehidupan cinta, keluarga, dan pengorbanan batin dalam memperjuangkan impian di tengah realitas sosial."
Kutukan Hutan Kuno,2007,Horor,6.0,1093,2602942,Kamila Andini,"Putri Marino, Bryan Domani, Tissa Biani",Teror kutukan mistis dan perjanjian gaib mengancam nyawa warga yang melanggar pantangan adat kuno.
Hantu Hutan Terkutuk,2005,Horor,6.6,351,153020,Azhar Kinoi Lubis,"Ario Bayu, Angga Yunanda",Teror kutukan mistis dan perjanjian gaib mengancam nyawa warga yang melanggar pantangan adat kuno.
Petualangan Satria 2002,2002,Animasi,6.6,185,281846,Fajar Bustomi,"Pevita Pearce, Fedi Nuril, Mawar de Jongh",Petualangan fantasi penuh warna anak-anak pemberani menjelajahi alam Nusantara untuk menyelamatkan pusaka leluhur.
Pelukan di Antara Dua Hati: Babak 3,2004,Drama,8.1,382,706017,Monty Tiwa,"Iqbaal Ramadhan, Chelsea Islan, Fedi Nuril","Dilema kehidupan cinta, keluarga, dan pengorbanan batin dalam memperjuangkan impian di tengah realitas sosial."
Senja di Bawah Langit: Babak 2,2003,Romantis,7.4,323,785254,Monty Tiwa,"Muzakki Ramdhan, Mawar de Jongh, Rio Dewanto","Dilema kehidupan cinta, keluarga, dan pengorbanan batin dalam memperjuangkan impian di tengah realitas sosial."
Misteri Rumah Jahanam,2009,Horor,6.8,559,624740,Charles Gozali,"Iqbaal Ramadhan, Pevita Pearce",Teror kutukan mistis dan perjanjian gaib mengancam nyawa warga yang melanggar pantangan adat kuno.
Dendam Desa Berdarah,2006,Horor,6.5,214,629364,Yandy Laurens,"Tissa Biani, Lukman Sardi, Jefri Nichol",Teror kutukan mistis dan perjanjian gaib mengancam nyawa warga yang melanggar pantangan adat kuno.
Garis Depan 24 Jam,2014,Action,6.5,713,1340326,Monty Tiwa,"Nicholas Saputra, Muzakki Ramdhan",Penyelidikan kasus konspirasi kriminal bawah tanah berujung baku tembak sengit dan pertarungan mempertaruhkan nyawa.
Mertua Galak Part 2: Babak 3,2025,Komedi,6.3,656,1627763,Hadrah Daeng Ratu,"Taskya Namya, Chelsea Islan",Kekonyolan sekelompok pemuda yang terjerat masalah salah paham dan berusaha mencari jalan keluar dengan cara kocak.
Kutukan Sekolah Kegelapan,2004,Horor,5.9,210,557682,Hadrah Daeng Ratu,"Lukman Sardi, Tara Basro",Teror kutukan mistis dan perjanjian gaib mengancam nyawa warga yang melanggar pantangan adat kuno.
Lentera di Balik Jendela: Babak 4,2008,Religi,6.8,723,1611445,Anggy Umbara,"Marsha Timothy, Taskya Namya, Jefri Nichol","Dilema kehidupan cinta, keluarga, dan pengorbanan batin dalam memperjuangkan impian di tengah realitas sosial."
Tumbal Rumah Jahanam,2020,Horor,5.4,458,732167,Timo Tjahjanto,"Taskya Namya, Refal Hady",Teror kutukan mistis dan perjanjian gaib mengancam nyawa warga yang melanggar pantangan adat kuno.
Pesugihan Alas Keramat: Babak 2,2010,Thriller,7.4,371,31343,Rizal Mantovani,"Christine Hakim, Angga Yunanda, Dian Sastrowardoyo","Dilema kehidupan cinta, keluarga, dan pengorbanan batin dalam memperjuangkan impian di tengah realitas sosial."
Perjanjian Alas Maut,2005,Horor,5.7,769,923140,Sidharta Tata,"Rio Dewanto, Vino G. Bastian",Teror kutukan mistis dan perjanjian gaib mengancam nyawa warga yang melanggar pantangan adat kuno.
Santet Sekolah Kuno,2014,Horor,4.7,232,683637,Muhadkly Acho,"Dian Sastrowardoyo, Bryan Domani, Vino G. Bastian",Teror kutukan mistis dan perjanjian gaib mengancam nyawa warga yang melanggar pantangan adat kuno.
Pelukan di Ujung Musim,2017,Drama,8.0,404,833169,Azhar Kinoi Lubis,"Prilly Latuconsina, Jerome Kurnia, Chicco Jerikho","Dilema kehidupan cinta, keluarga, dan pengorbanan batin dalam memperjuangkan impian di tengah realitas sosial."
Darah Pembalasan Terakhir,2007,Action,6.8,197,68621,Kamila Andini,"Marsha Timothy, Nicholas Saputra",Penyelidikan kasus konspirasi kriminal bawah tanah berujung baku tembak sengit dan pertarungan mempertaruhkan nyawa.
Target Buron Terakhir: Babak 3,2020,Action,6.6,92,130552,Hanung Bramantyo,"Fedi Nuril, Reza Rahadian",Penyelidikan kasus konspirasi kriminal bawah tanah berujung baku tembak sengit dan pertarungan mempertaruhkan nyawa.
Misteri Asrama Kegelapan,2023,Horor,5.3,215,428899,Awi Suryadi,"Iko Uwais, Iqbaal Ramadhan, Rio Dewanto",Teror kutukan mistis dan perjanjian gaib mengancam nyawa warga yang melanggar pantangan adat kuno.
Batas di Balik Jendela: Babak 2,2021,Drama,7.7,239,164054,Kimo Stamboel,"Dian Sastrowardoyo, Tissa Biani","Dilema kehidupan cinta, keluarga, dan pengorbanan batin dalam memperjuangkan impian di tengah realitas sosial."
Luka di Batas Kota: Babak 3,2005,Romantis,6.6,434,738908,Muhadkly Acho,"Christine Hakim, Joe Taslim, Julie Estelle","Dilema kehidupan cinta, keluarga, dan pengorbanan batin dalam memperjuangkan impian di tengah realitas sosial."
Darah Pembalasan Jakarta: Babak 4,2005,Action,6.5,152,271903,Azhar Kinoi Lubis,"Chelsea Islan, Slamet Rahardjo, Reza Rahadian",Penyelidikan kasus konspirasi kriminal bawah tanah berujung baku tembak sengit dan pertarungan mempertaruhkan nyawa.
Luka di Batas Kota: Babak 4,2006,Drama,7.2,197,202939,Charles Gozali,"Dian Sastrowardoyo, Slamet Rahardjo, Iko Uwais","Dilema kehidupan cinta, keluarga, dan pengorbanan batin dalam memperjuangkan impian di tengah realitas sosial."
Perjanjian Kamar Leluhur,2013,Horor,6.5,500,813977,Hanung Bramantyo,"Julie Estelle, Iqbaal Ramadhan",Teror kutukan mistis dan perjanjian gaib mengancam nyawa warga yang melanggar pantangan adat kuno.
Rintangan di Batas Kota: Babak 2,2003,Drama,7.6,161,173428,Upi Avianto,"Iko Uwais, Julie Estelle, Tara Basro","Dilema kehidupan cinta, keluarga, dan pengorbanan batin dalam memperjuangkan impian di tengah realitas sosial."
Mertua Galak Bikin Pusing,2025,Komedi,6.4,221,191362,Charles Gozali,"Nicholas Saputra, Mawar de Jongh",Kekonyolan sekelompok pemuda yang terjerat masalah salah paham dan berusaha mencari jalan keluar dengan cara kocak.
Jeritan Makam Iblis,2003,Horor,4.7,549,1158468,Awi Suryadi,"Adhisty Zara, Jerome Kurnia, Vino G. Bastian",Teror kutukan mistis dan perjanjian gaib mengancam nyawa warga yang melanggar pantangan adat kuno.
Senja di Batas Kota: Babak 3,2008,Drama,7.4,203,181842,Fajar Nugros,"Laura Basuki, Dian Sastrowardoyo","Dilema kehidupan cinta, keluarga, dan pengorbanan batin dalam memperjuangkan impian di tengah realitas sosial."
Teror Sekolah Jahanam,2009,Horor,5.4,594,677540,Charles Gozali,"Putri Marino, Vino G. Bastian, Marsha Timothy",Teror kutukan mistis dan perjanjian gaib mengancam nyawa warga yang melanggar pantangan adat kuno.
Jeritan Pabrik Gaib: Babak 4,2025,Horor,5.6,273,213607,Wregas Bhanuteja,"Jerome Kurnia, Reza Rahadian",Teror kutukan mistis dan perjanjian gaib mengancam nyawa warga yang melanggar pantangan adat kuno.
Cari Untung Season: Babak 3,2017,Komedi,6.3,409,235118,Muhadkly Acho,"Iko Uwais, Shenina Cinnamon, Tara Basro",Kekonyolan sekelompok pemuda yang terjerat masalah salah paham dan berusaha mencari jalan keluar dengan cara kocak.
Serangan Balik Terakhir,2016,Action,6.9,406,289807,Hanung Bramantyo,"Iqbaal Ramadhan, Dian Sastrowardoyo, Nicholas Saputra",Penyelidikan kasus konspirasi kriminal bawah tanah berujung baku tembak sengit dan pertarungan mempertaruhkan nyawa.
Rintangan di Ujung Musim: Babak 3,2017,Religi,7.5,304,139198,Charles Gozali,"Laura Basuki, Jefri Nichol","Dilema kehidupan cinta, keluarga, dan pengorbanan batin dalam memperjuangkan impian di tengah realitas sosial."
Kutukan Desa Leluhur,2013,Horor,6.4,197,483611,Wregas Bhanuteja,"Jerome Kurnia, Mawar de Jongh",Teror kutukan mistis dan perjanjian gaib mengancam nyawa warga yang melanggar pantangan adat kuno.
Rindu di Ujung Musim: Babak 5,2016,Drama,7.4,366,329429,Sidharta Tata,"Laura Basuki, Aghniny Haque, Jerome Kurnia","Dilema kehidupan cinta, keluarga, dan pengorbanan batin dalam memperjuangkan impian di tengah realitas sosial."
Cari Untung Total,2005,Komedi,7.7,1536,4399502,Kimo Stamboel,"Pevita Pearce, Jerome Kurnia, Iko Uwais",Kekonyolan sekelompok pemuda yang terjerat masalah salah paham dan berusaha mencari jalan keluar dengan cara kocak.
Melodi di Antara Dua Hati,2007,Drama,7.3,607,539579,Hadrah Daeng Ratu,"Muzakki Ramdhan, Jefri Nichol","Dilema kehidupan cinta, keluarga, dan pengorbanan batin dalam memperjuangkan impian di tengah realitas sosial."
Perjanjian Pabrik Menjelang Fajar: Babak 5,2010,Horor,5.4,408,54799,Awi Suryadi,"Jefri Nichol, Angga Yunanda, Chicco Jerikho",Teror kutukan mistis dan perjanjian gaib mengancam nyawa warga yang melanggar pantangan adat kuno.
Mertua Galak Season: Babak 2,2017,Komedi,7.6,1508,2793080,Azhar Kinoi Lubis,"Rio Dewanto, Chelsea Islan",Kekonyolan sekelompok pemuda yang terjerat masalah salah paham dan berusaha mencari jalan keluar dengan cara kocak.
Pelukan di Sudut Ibu Kota: Babak 2,2016,Drama,6.9,733,831847,Baim Wong,"Ario Bayu, Tara Basro, Fedi Nuril","Dilema kehidupan cinta, keluarga, dan pengorbanan batin dalam memperjuangkan impian di tengah realitas sosial."
Penglaris Lembah Hitam,2013,Horor,5.8,238,371998,Charles Gozali,"Dian Sastrowardoyo, Fedi Nuril, Lukman Sardi",Teror kutukan mistis dan perjanjian gaib mengancam nyawa warga yang melanggar pantangan adat kuno.
Kepingan di Sudut Ibu Kota,2022,Drama,7.2,440,200810,Anggy Umbara,"Tara Basro, Lukman Sardi, Laura Basuki","Dilema kehidupan cinta, keluarga, dan pengorbanan batin dalam memperjuangkan impian di tengah realitas sosial."
Mendadak Bos Part 2: Babak 5,2026,Komedi,7.3,220,314089,Yandy Laurens,"Aghniny Haque, Muzakki Ramdhan",Kekonyolan sekelompok pemuda yang terjerat masalah salah paham dan berusaha mencari jalan keluar dengan cara kocak.
Janji di Balik Jendela,2025,Religi,6.4,314,178904,Yandy Laurens,"Prilly Latuconsina, Rio Dewanto","Dilema kehidupan cinta, keluarga, dan pengorbanan batin dalam memperjuangkan impian di tengah realitas sosial."
Kutukan Sekolah Leluhur,2015,Horor,6.9,299,202188,Baim Wong,"Fedi Nuril, Chicco Jerikho",Teror kutukan mistis dan perjanjian gaib mengancam nyawa warga yang melanggar pantangan adat kuno.
Operasi Gagak Khatulistiwa,2022,Action,5.9,68,48517,Baim Wong,"Bryan Domani, Dian Sastrowardoyo",Penyelidikan kasus konspirasi kriminal bawah tanah berujung baku tembak sengit dan pertarungan mempertaruhkan nyawa.
Pesugihan Pantai Berdarah,2013,Horor,7.0,478,675032,Awi Suryadi,"Chelsea Islan, Mawar de Jongh",Teror kutukan mistis dan perjanjian gaib mengancam nyawa warga yang melanggar pantangan adat kuno.
Mertua Galak Keluarga: Babak 4,2025,Komedi,6.9,384,338655,Kamila Andini,"Marsha Timothy, Reza Rahadian, Iko Uwais",Kekonyolan sekelompok pemuda yang terjerat masalah salah paham dan berusaha mencari jalan keluar dengan cara kocak.
Jeritan Hutan Maut,2023,Horor,6.4,244,333818,Ody C. Harahap,"Marsha Timothy, Rio Dewanto, Fedi Nuril",Teror kutukan mistis dan perjanjian gaib mengancam nyawa warga yang melanggar pantangan adat kuno.
Jejak di Ujung Musim: Babak 3,2020,Romantis,7.6,349,438109,Azhar Kinoi Lubis,"Lukman Sardi, Fedi Nuril","Dilema kehidupan cinta, keluarga, dan pengorbanan batin dalam memperjuangkan impian di tengah realitas sosial."
Pelukan di Ujung Musim: Babak 4,2008,Drama,7.1,136,58869,Monty Tiwa,"Tissa Biani, Shenina Cinnamon","Dilema kehidupan cinta, keluarga, dan pengorbanan batin dalam memperjuangkan impian di tengah realitas sosial."
Rintangan di Sudut Ibu Kota: Babak 4,2015,Drama,7.2,418,287310,Upi Avianto,"Chicco Jerikho, Nicholas Saputra, Reza Rahadian","Dilema kehidupan cinta, keluarga, dan pengorbanan batin dalam memperjuangkan impian di tengah realitas sosial."
Piknik Bencana Bikin Pusing: Babak 5,2025,Komedi,6.7,519,365957,Baim Wong,"Christine Hakim, Pevita Pearce, Shenina Cinnamon",Kekonyolan sekelompok pemuda yang terjerat masalah salah paham dan berusaha mencari jalan keluar dengan cara kocak.
Modal Nekat Season,2012,Komedi,6.1,621,523886,Hadrah Daeng Ratu,"Bryan Domani, Adhisty Zara, Jefri Nichol",Kekonyolan sekelompok pemuda yang terjerat masalah salah paham dan berusaha mencari jalan keluar dengan cara kocak.
Luka di Bumi Rafflesia: Babak 4,2016,Drama,6.9,352,486460,Nayato Fio Nuala,"Bryan Domani, Chelsea Islan, Mawar de Jongh","Dilema kehidupan cinta, keluarga, dan pengorbanan batin dalam memperjuangkan impian di tengah realitas sosial."
Duka di Bawah Langit: Babak 4,2018,Drama,6.8,1000,1385762,Ernest Prakasa,"Reza Rahadian, Nicholas Saputra, Chelsea Islan","Dilema kehidupan cinta, keluarga, dan pengorbanan batin dalam memperjuangkan impian di tengah realitas sosial."
Bikin Ribet Santuy: Babak 2,2013,Komedi,6.5,304,686777,Upi Avianto,"Nicholas Saputra, Angga Yunanda, Refal Hady",Kekonyolan sekelompok pemuda yang terjerat masalah salah paham dan berusaha mencari jalan keluar dengan cara kocak.
Melodi di Antara Dua Hati: Babak 2,2013,Drama,6.6,313,204918,Hanung Bramantyo,"Aghniny Haque, Nicholas Saputra","Dilema kehidupan cinta, keluarga, dan pengorbanan batin dalam memperjuangkan impian di tengah realitas sosial."
Dendam Sekolah Kuno,2019,Horor,4.5,668,567584,Nayato Fio Nuala,"Adhisty Zara, Aghniny Haque, Laura Basuki",Teror kutukan mistis dan perjanjian gaib mengancam nyawa warga yang melanggar pantangan adat kuno.
Ritual Danau Terkutuk,2012,Horor,6.1,343,489067,Hanung Bramantyo,"Chicco Jerikho, Taskya Namya",Teror kutukan mistis dan perjanjian gaib mengancam nyawa warga yang melanggar pantangan adat kuno.
Perjanjian Lembah Terkutuk,2024,Horor,5.9,463,524894,Fajar Nugros,"Aghniny Haque, Tissa Biani, Chelsea Islan",Teror kutukan mistis dan perjanjian gaib mengancam nyawa warga yang melanggar pantangan adat kuno.
Piknik Bencana Santuy,2014,Komedi,5.9,472,330823,Guntur Soeharjanto,"Aghniny Haque, Putri Marino",Kekonyolan sekelompok pemuda yang terjerat masalah salah paham dan berusaha mencari jalan keluar dengan cara kocak.
Melodi di Sudut Ibu Kota: Babak 2,2019,Drama,7.0,281,184932,Fajar Nugros,"Taskya Namya, Shenina Cinnamon","Dilema kehidupan cinta, keluarga, dan pengorbanan batin dalam memperjuangkan impian di tengah realitas sosial."
Misteri Hutan Kegelapan,2016,Horor,6.1,399,589102,Riri Riza,"Joe Taslim, Jefri Nichol, Nicholas Saputra",Teror kutukan mistis dan perjanjian gaib mengancam nyawa warga yang melanggar pantangan adat kuno.
Penglaris Danau Berdarah,2017,Horor,5.9,386,1085705,Rizal Mantovani,"Aghniny Haque, Iqbaal Ramadhan, Bryan Domani",Teror kutukan mistis dan perjanjian gaib mengancam nyawa warga yang melanggar pantangan adat kuno.
Jodoh Nyasar Lagi: Babak 5,2006,Komedi,6.6,451,797502,Ernest Prakasa,"Jerome Kurnia, Tissa Biani, Chicco Jerikho",Kekonyolan sekelompok pemuda yang terjerat masalah salah paham dan berusaha mencari jalan keluar dengan cara kocak.
Tumbal Rumah Berdarah: Babak 4,2006,Thriller,6.7,164,95820,Joko Anwar,"Chelsea Islan, Adhisty Zara, Vino G. Bastian","Dilema kehidupan cinta, keluarga, dan pengorbanan batin dalam memperjuangkan impian di tengah realitas sosial."
Penglaris Asrama Terkutuk,2023,Horor,5.7,848,1493531,Sidharta Tata,"Vino G. Bastian, Christine Hakim",Teror kutukan mistis dan perjanjian gaib mengancam nyawa warga yang melanggar pantangan adat kuno.
Cari Untung Part 2,2018,Komedi,7.3,356,222740,Kamila Andini,"Ario Bayu, Marsha Timothy, Iko Uwais",Kekonyolan sekelompok pemuda yang terjerat masalah salah paham dan berusaha mencari jalan keluar dengan cara kocak.
Batas di Batas Kota: Babak 2,2024,Drama,6.6,403,187537,Awi Suryadi,"Dian Sastrowardoyo, Rio Dewanto","Dilema kehidupan cinta, keluarga, dan pengorbanan batin dalam memperjuangkan impian di tengah realitas sosial."
Benteng Terakhir 24 Jam: Babak 4,2018,Action,5.7,377,87317,Anggy Umbara,"Tissa Biani, Julie Estelle",Penyelidikan kasus konspirasi kriminal bawah tanah berujung baku tembak sengit dan pertarungan mempertaruhkan nyawa.
Teror Asrama Maut,2012,Horor,5.3,374,150895,Ernest Prakasa,"Aghniny Haque, Tissa Biani, Reza Rahadian",Teror kutukan mistis dan perjanjian gaib mengancam nyawa warga yang melanggar pantangan adat kuno.
Lentera di Batas Kota: Babak 2,2004,Romantis,6.7,377,110777,Baim Wong,"Christine Hakim, Adhisty Zara, Angga Yunanda","Dilema kehidupan cinta, keluarga, dan pengorbanan batin dalam memperjuangkan impian di tengah realitas sosial."
Harapan di Sudut Ibu Kota: Babak 2,2019,Romantis,6.8,423,383339,Timo Tjahjanto,"Vino G. Bastian, Nicholas Saputra","Dilema kehidupan cinta, keluarga, dan pengorbanan batin dalam memperjuangkan impian di tengah realitas sosial."
Bikin Ribet Abis: Babak 2,2019,Komedi,6.0,193,152216,Upi Avianto,"Shenina Cinnamon, Mawar de Jongh, Laura Basuki",Kekonyolan sekelompok pemuda yang terjerat masalah salah paham dan berusaha mencari jalan keluar dengan cara kocak.
Dendam Pantai Terkutuk,2025,Horor,6.7,919,2136006,Wregas Bhanuteja,"Angga Yunanda, Vino G. Bastian",Teror kutukan mistis dan perjanjian gaib mengancam nyawa warga yang melanggar pantangan adat kuno.
Cahaya di Antara Dua Hati: Babak 4,2019,Drama,7.7,285,335007,Fajar Nugros,"Fedi Nuril, Pevita Pearce, Shenina Cinnamon","Dilema kehidupan cinta, keluarga, dan pengorbanan batin dalam memperjuangkan impian di tengah realitas sosial."
Surat di Bawah Langit: Babak 5,2026,Romantis,7.3,409,315543,Awi Suryadi,"Nicholas Saputra, Tara Basro, Prilly Latuconsina","Dilema kehidupan cinta, keluarga, dan pengorbanan batin dalam memperjuangkan impian di tengah realitas sosial."
Kutukan Makam Menjelang Fajar,2025,Horor,6.0,908,1695416,Awi Suryadi,"Fedi Nuril, Aghniny Haque, Angga Yunanda",Teror kutukan mistis dan perjanjian gaib mengancam nyawa warga yang melanggar pantangan adat kuno.
Penglaris Alas Jahanam,2018,Horor,6.6,598,1080316,Muhadkly Acho,"Dian Sastrowardoyo, Adhisty Zara",Teror kutukan mistis dan perjanjian gaib mengancam nyawa warga yang melanggar pantangan adat kuno.
Lentera di Bumi Rafflesia: Babak 3,2006,Romantis,6.4,252,45538,Monty Tiwa,"Bryan Domani, Shenina Cinnamon, Marsha Timothy","Dilema kehidupan cinta, keluarga, dan pengorbanan batin dalam memperjuangkan impian di tengah realitas sosial."
Teror Pabrik Hitam,2011,Thriller,6.9,392,182726,Timo Tjahjanto,"Angga Yunanda, Iko Uwais","Dilema kehidupan cinta, keluarga, dan pengorbanan batin dalam memperjuangkan impian di tengah realitas sosial."
Rindu di Batas Kota: Babak 4,2022,Romantis,7.4,187,64445,Fajar Nugros,"Jerome Kurnia, Rio Dewanto","Dilema kehidupan cinta, keluarga, dan pengorbanan batin dalam memperjuangkan impian di tengah realitas sosial."
Rintangan di Batas Kota: Babak 4,2022,Drama,6.8,258,380526,Baim Wong,"Tissa Biani, Slamet Rahardjo, Jefri Nichol","Dilema kehidupan cinta, keluarga, dan pengorbanan batin dalam memperjuangkan impian di tengah realitas sosial."
Misteri Asrama Iblis,2023,Horor,5.9,276,199972,Ernest Prakasa,"Reza Rahadian, Shenina Cinnamon, Tissa Biani",Teror kutukan mistis dan perjanjian gaib mengancam nyawa warga yang melanggar pantangan adat kuno.
Melodi di Ujung Musim: Babak 4,2025,Drama,6.6,275,398206,Upi Avianto,"Prilly Latuconsina, Marsha Timothy, Mawar de Jongh","Dilema kehidupan cinta, keluarga, dan pengorbanan batin dalam memperjuangkan impian di tengah realitas sosial."
Lentera di Bumi Rafflesia: Babak 2,2008,Drama,7.3,297,86061,Ody C. Harahap,"Iko Uwais, Bryan Domani","Dilema kehidupan cinta, keluarga, dan pengorbanan batin dalam memperjuangkan impian di tengah realitas sosial."
Hantu Alas Jahanam,2014,Horor,5.5,523,479364,Kimo Stamboel,"Christine Hakim, Adhisty Zara",Teror kutukan mistis dan perjanjian gaib mengancam nyawa warga yang melanggar pantangan adat kuno.
Perjanjian Lembah Jahanam,2005,Horor,5.1,442,426521,Yandy Laurens,"Mawar de Jongh, Lukman Sardi, Fedi Nuril",Teror kutukan mistis dan perjanjian gaib mengancam nyawa warga yang melanggar pantangan adat kuno.
Batas di Bawah Langit: Babak 3,2021,Religi,6.6,324,212432,Anggy Umbara,"Julie Estelle, Rio Dewanto, Slamet Rahardjo","Dilema kehidupan cinta, keluarga, dan pengorbanan batin dalam memperjuangkan impian di tengah realitas sosial."
Kematian Kamar Kuno,2011,Horor,6.2,991,1981033,Yandy Laurens,"Jefri Nichol, Lukman Sardi, Rio Dewanto",Teror kutukan mistis dan perjanjian gaib mengancam nyawa warga yang melanggar pantangan adat kuno.
Rintangan di Antara Dua Hati: Babak 3,2008,Romantis,6.7,327,134879,Monty Tiwa,"Vino G. Bastian, Rio Dewanto","Dilema kehidupan cinta, keluarga, dan pengorbanan batin dalam memperjuangkan impian di tengah realitas sosial."
Perjanjian Hutan Keramat,2024,Horor,5.3,1405,2205967,Kimo Stamboel,"Chelsea Islan, Julie Estelle, Taskya Namya",Teror kutukan mistis dan perjanjian gaib mengancam nyawa warga yang melanggar pantangan adat kuno.
Arwah Kamar Leluhur,2008,Horor,5.6,339,453270,Kamila Andini,"Fedi Nuril, Reza Rahadian, Refal Hady",Teror kutukan mistis dan perjanjian gaib mengancam nyawa warga yang melanggar pantangan adat kuno.
Jodoh Nyasar Season: Babak 2,2022,Komedi,6.5,539,453926,Azhar Kinoi Lubis,"Aghniny Haque, Chelsea Islan",Kekonyolan sekelompok pemuda yang terjerat masalah salah paham dan berusaha mencari jalan keluar dengan cara kocak.
Rintangan di Sudut Ibu Kota: Babak 3,2019,Religi,7.5,1790,3014211,Wregas Bhanuteja,"Christine Hakim, Aghniny Haque, Ario Bayu","Dilema kehidupan cinta, keluarga, dan pengorbanan batin dalam memperjuangkan impian di tengah realitas sosial."
Kepingan di Ujung Musim: Babak 4,2022,Drama,6.2,180,198936,Guntur Soeharjanto,"Jerome Kurnia, Vino G. Bastian","Dilema kehidupan cinta, keluarga, dan pengorbanan batin dalam memperjuangkan impian di tengah realitas sosial."
Misteri Sekolah Maut,2021,Horor,6.5,161,164826,Riri Riza,"Nicholas Saputra, Lukman Sardi, Slamet Rahardjo",Teror kutukan mistis dan perjanjian gaib mengancam nyawa warga yang melanggar pantangan adat kuno.
Kematian Alas Gaib,2013,Horor,6.3,447,294290,Rizal Mantovani,"Fedi Nuril, Aghniny Haque, Pevita Pearce",Teror kutukan mistis dan perjanjian gaib mengancam nyawa warga yang melanggar pantangan adat kuno.
Dendam Gua Kegelapan: Babak 5,2007,Horor,5.6,105,119556,Ernest Prakasa,"Prilly Latuconsina, Tara Basro",Teror kutukan mistis dan perjanjian gaib mengancam nyawa warga yang melanggar pantangan adat kuno.
Petualangan Timun Mas 2007,2007,Animasi,6.6,228,202552,Kimo Stamboel,"Angga Yunanda, Adhisty Zara",Petualangan fantasi penuh warna anak-anak pemberani menjelajahi alam Nusantara untuk menyelamatkan pusaka leluhur.
Jodoh Nyasar Abis,2011,Komedi,6.7,856,1824719,Monty Tiwa,"Julie Estelle, Aghniny Haque",Kekonyolan sekelompok pemuda yang terjerat masalah salah paham dan berusaha mencari jalan keluar dengan cara kocak.
Lentera di Ujung Musim: Babak 4,2003,Drama,7.4,173,84612,Angga Dwimas Sasongko,"Iko Uwais, Fedi Nuril, Chicco Jerikho","Dilema kehidupan cinta, keluarga, dan pengorbanan batin dalam memperjuangkan impian di tengah realitas sosial."
Luka di Ujung Musim: Babak 5,2018,Drama,6.6,367,765842,Kamila Andini,"Angga Yunanda, Laura Basuki","Dilema kehidupan cinta, keluarga, dan pengorbanan batin dalam memperjuangkan impian di tengah realitas sosial."
Surat di Sudut Ibu Kota: Babak 2,2022,Romantis,7.5,396,542913,Bobby Prasetyo,"Aghniny Haque, Lukman Sardi, Joe Taslim","Dilema kehidupan cinta, keluarga, dan pengorbanan batin dalam memperjuangkan impian di tengah realitas sosial."
Perjanjian Alas Menjelang Fajar: Babak 5,2019,Horor,6.0,462,379788,Hadrah Daeng Ratu,"Iko Uwais, Shenina Cinnamon, Adhisty Zara",Teror kutukan mistis dan perjanjian gaib mengancam nyawa warga yang melanggar pantangan adat kuno.
Melodi di Ujung Musim: Babak 3,2004,Romantis,7.0,826,914412,Bayu Skak,"Jefri Nichol, Laura Basuki, Taskya Namya","Dilema kehidupan cinta, keluarga, dan pengorbanan batin dalam memperjuangkan impian di tengah realitas sosial."
Janji di Antara Dua Hati: Babak 5,2016,Drama,6.2,394,882858,Wregas Bhanuteja,"Tara Basro, Julie Estelle","Dilema kehidupan cinta, keluarga, dan pengorbanan batin dalam memperjuangkan impian di tengah realitas sosial."
Batas di Antara Dua Hati: Babak 4,2008,Drama,7.4,432,664315,Rizal Mantovani,"Taskya Namya, Bryan Domani","Dilema kehidupan cinta, keluarga, dan pengorbanan batin dalam memperjuangkan impian di tengah realitas sosial."
Piknik Bencana Santuy: Babak 5,2004,Komedi,5.9,484,481887,Kamila Andini,"Adhisty Zara, Chicco Jerikho",Kekonyolan sekelompok pemuda yang terjerat masalah salah paham dan berusaha mencari jalan keluar dengan cara kocak.
Kutukan Asrama Gaib: Babak 3,2022,Thriller,7.3,140,49645,Kamila Andini,"Chicco Jerikho, Vino G. Bastian, Nicholas Saputra","Dilema kehidupan cinta, keluarga, dan pengorbanan batin dalam memperjuangkan impian di tengah realitas sosial."
Jejak di Batas Kota: Babak 2,2004,Drama,7.1,241,327947,Kamila Andini,"Pevita Pearce, Prilly Latuconsina","Dilema kehidupan cinta, keluarga, dan pengorbanan batin dalam memperjuangkan impian di tengah realitas sosial."
Batas di Antara Dua Hati: Babak 5,2020,Drama,6.1,520,488944,Riri Riza,"Christine Hakim, Slamet Rahardjo","Dilema kehidupan cinta, keluarga, dan pengorbanan batin dalam memperjuangkan impian di tengah realitas sosial."
Dendam Kamar Iblis,2016,Horor,4.9,413,156126,Timo Tjahjanto,"Muzakki Ramdhan, Refal Hady, Adhisty Zara",Teror kutukan mistis dan perjanjian gaib mengancam nyawa warga yang melanggar pantangan adat kuno.
Jodoh Nyasar Abis: Babak 3,2012,Komedi,7.5,690,1502265,Upi Avianto,"Taskya Namya, Tissa Biani, Lukman Sardi",Kekonyolan sekelompok pemuda yang terjerat masalah salah paham dan berusaha mencari jalan keluar dengan cara kocak.
Janji di Balik Jendela: Babak 4,2014,Romantis,6.7,387,222509,Rizal Mantovani,"Chicco Jerikho, Muzakki Ramdhan, Marsha Timothy","Dilema kehidupan cinta, keluarga, dan pengorbanan batin dalam memperjuangkan impian di tengah realitas sosial."
Kepingan di Bumi Rafflesia: Babak 4,2005,Drama,6.7,516,252684,Awi Suryadi,"Chelsea Islan, Tissa Biani","Dilema kehidupan cinta, keluarga, dan pengorbanan batin dalam memperjuangkan impian di tengah realitas sosial."
Kematian Gua Terkutuk,2003,Horor,5.8,303,497601,Guntur Soeharjanto,"Adhisty Zara, Laura Basuki",Teror kutukan mistis dan perjanjian gaib mengancam nyawa warga yang melanggar pantangan adat kuno.
Jodoh Nyasar Bikin Pusing,2016,Komedi,6.9,1080,1948316,Ernest Prakasa,"Bryan Domani, Iqbaal Ramadhan",Kekonyolan sekelompok pemuda yang terjerat masalah salah paham dan berusaha mencari jalan keluar dengan cara kocak.
Harapan di Balik Jendela: Babak 4,2002,Drama,6.6,287,159220,Ody C. Harahap,"Bryan Domani, Adhisty Zara","Dilema kehidupan cinta, keluarga, dan pengorbanan batin dalam memperjuangkan impian di tengah realitas sosial."
Kepingan di Batas Kota: Babak 3,2016,Drama,7.3,455,336325,Joko Anwar,"Mawar de Jongh, Joe Taslim, Adhisty Zara","Dilema kehidupan cinta, keluarga, dan pengorbanan batin dalam memperjuangkan impian di tengah realitas sosial."
Benteng Terakhir Khatulistiwa: Babak 3,2009,Action,5.6,208,323672,Joko Anwar,"Tissa Biani, Lukman Sardi, Laura Basuki",Penyelidikan kasus konspirasi kriminal bawah tanah berujung baku tembak sengit dan pertarungan mempertaruhkan nyawa.
Arwah Pantai Maut,2006,Horor,5.8,212,382568,Ernest Prakasa,"Muzakki Ramdhan, Shenina Cinnamon",Teror kutukan mistis dan perjanjian gaib mengancam nyawa warga yang melanggar pantangan adat kuno.
Melodi di Ujung Musim: Babak 5,2016,Romantis,7.2,286,158197,Hanung Bramantyo,"Reza Rahadian, Dian Sastrowardoyo","Dilema kehidupan cinta, keluarga, dan pengorbanan batin dalam memperjuangkan impian di tengah realitas sosial."
Batas di Bawah Langit: Babak 2,2011,Drama,7.5,453,479006,Upi Avianto,"Nicholas Saputra, Shenina Cinnamon","Dilema kehidupan cinta, keluarga, dan pengorbanan batin dalam memperjuangkan impian di tengah realitas sosial."
Kematian Makam Keramat: Babak 5,2005,Horor,5.7,93,138083,Fajar Bustomi,"Iko Uwais, Jefri Nichol, Joe Taslim",Teror kutukan mistis dan perjanjian gaib mengancam nyawa warga yang melanggar pantangan adat kuno.
Melodi di Bawah Langit: Babak 3,2015,Drama,6.7,146,162204,Fajar Nugros,"Putri Marino, Dian Sastrowardoyo","Dilema kehidupan cinta, keluarga, dan pengorbanan batin dalam memperjuangkan impian di tengah realitas sosial."
Duka di Bawah Langit: Babak 3,2009,Drama,6.7,276,181310,Timo Tjahjanto,"Bryan Domani, Nicholas Saputra","Dilema kehidupan cinta, keluarga, dan pengorbanan batin dalam memperjuangkan impian di tengah realitas sosial."
Luka di Antara Dua Hati: Babak 2,2017,Religi,6.4,316,122952,Wregas Bhanuteja,"Nicholas Saputra, Chicco Jerikho, Slamet Rahardjo","Dilema kehidupan cinta, keluarga, dan pengorbanan batin dalam memperjuangkan impian di tengah realitas sosial."
Benteng Terakhir Khatulistiwa: Babak 5,2022,Action,7.1,500,581774,Kamila Andini,"Joe Taslim, Refal Hady, Ario Bayu",Penyelidikan kasus konspirasi kriminal bawah tanah berujung baku tembak sengit dan pertarungan mempertaruhkan nyawa.
Arwah Pabrik Menjelang Fajar,2024,Horor,6.0,268,332713,Charles Gozali,"Muzakki Ramdhan, Jefri Nichol",Teror kutukan mistis dan perjanjian gaib mengancam nyawa warga yang melanggar pantangan adat kuno.
Hantu Sekolah Terkutuk,2007,Horor,6.7,426,587824,Sidharta Tata,"Refal Hady, Tara Basro",Teror kutukan mistis dan perjanjian gaib mengancam nyawa warga yang melanggar pantangan adat kuno.
Hantu Hutan Maut,2021,Horor,5.6,75,92429,Angga Dwimas Sasongko,"Vino G. Bastian, Lukman Sardi, Refal Hady",Teror kutukan mistis dan perjanjian gaib mengancam nyawa warga yang melanggar pantangan adat kuno.
Perjanjian Desa Maut,2012,Horor,5.8,290,291735,Guntur Soeharjanto,"Iko Uwais, Putri Marino, Marsha Timothy",Teror kutukan mistis dan perjanjian gaib mengancam nyawa warga yang melanggar pantangan adat kuno.
Kematian Makam Menjelang Fajar,2006,Horor,5.6,370,246914,Wregas Bhanuteja,"Rio Dewanto, Mawar de Jongh",Teror kutukan mistis dan perjanjian gaib mengancam nyawa warga yang melanggar pantangan adat kuno.
Dendam Rumah Maut: Babak 5,2003,Horor,5.2,265,308786,Bobby Prasetyo,"Dian Sastrowardoyo, Christine Hakim, Shenina Cinnamon",Teror kutukan mistis dan perjanjian gaib mengancam nyawa warga yang melanggar pantangan adat kuno.
Pesugihan Gua Kuno: Babak 3,2016,Horor,6.9,455,1135398,Sidharta Tata,"Iko Uwais, Bryan Domani, Joe Taslim",Teror kutukan mistis dan perjanjian gaib mengancam nyawa warga yang melanggar pantangan adat kuno.
Lentera di Bawah Langit: Babak 2,2011,Drama,7.3,802,1274155,Anggy Umbara,"Tissa Biani, Laura Basuki","Dilema kehidupan cinta, keluarga, dan pengorbanan batin dalam memperjuangkan impian di tengah realitas sosial."
Target Buron 24 Jam,2021,Action,7.0,317,428476,Timo Tjahjanto,"Vino G. Bastian, Refal Hady",Penyelidikan kasus konspirasi kriminal bawah tanah berujung baku tembak sengit dan pertarungan mempertaruhkan nyawa.
Serigala Malam Merah,2010,Action,6.3,324,157094,Baim Wong,"Marsha Timothy, Joe Taslim",Penyelidikan kasus konspirasi kriminal bawah tanah berujung baku tembak sengit dan pertarungan mempertaruhkan nyawa.
Petualangan Garuda Cilik 2015,2015,Animasi,6.2,286,370867,Baim Wong,"Chicco Jerikho, Lukman Sardi, Muzakki Ramdhan",Petualangan fantasi penuh warna anak-anak pemberani menjelajahi alam Nusantara untuk menyelamatkan pusaka leluhur.
Jeritan Danau Leluhur,2008,Horor,5.9,292,508160,Fajar Nugros,"Ario Bayu, Lukman Sardi",Teror kutukan mistis dan perjanjian gaib mengancam nyawa warga yang melanggar pantangan adat kuno.
Teror Pantai Iblis,2008,Horor,5.8,396,841078,Joko Anwar,"Slamet Rahardjo, Chicco Jerikho",Teror kutukan mistis dan perjanjian gaib mengancam nyawa warga yang melanggar pantangan adat kuno.
Jodoh Nyasar Keluarga: Babak 5,2017,Komedi,6.7,522,599999,Kamila Andini,"Mawar de Jongh, Vino G. Bastian, Rio Dewanto",Kekonyolan sekelompok pemuda yang terjerat masalah salah paham dan berusaha mencari jalan keluar dengan cara kocak.
Santet Sekolah Hitam,2020,Horor,6.5,297,652166,Muhadkly Acho,"Fedi Nuril, Chelsea Islan, Muzakki Ramdhan",Teror kutukan mistis dan perjanjian gaib mengancam nyawa warga yang melanggar pantangan adat kuno.
Kutukan Makam Keramat,2014,Horor,5.5,544,1514155,Ody C. Harahap,"Dian Sastrowardoyo, Chelsea Islan, Tara Basro",Teror kutukan mistis dan perjanjian gaib mengancam nyawa warga yang melanggar pantangan adat kuno.
Petualangan Timun Mas 2010,2010,Animasi,7.0,134,20197,Nayato Fio Nuala,"Taskya Namya, Aghniny Haque, Rio Dewanto",Petualangan fantasi penuh warna anak-anak pemberani menjelajahi alam Nusantara untuk menyelamatkan pusaka leluhur.
Melodi di Sudut Ibu Kota: Babak 5,2017,Drama,6.6,596,600698,Fajar Bustomi,"Laura Basuki, Reza Rahadian, Adhisty Zara","Dilema kehidupan cinta, keluarga, dan pengorbanan batin dalam memperjuangkan impian di tengah realitas sosial."
Jeritan Makam Jahanam,2019,Horor,6.4,278,607139,Bobby Prasetyo,"Aghniny Haque, Dian Sastrowardoyo, Fedi Nuril",Teror kutukan mistis dan perjanjian gaib mengancam nyawa warga yang melanggar pantangan adat kuno.
Mertua Galak Season: Babak 5,2010,Komedi,6.3,166,48346,Muhadkly Acho,"Adhisty Zara, Julie Estelle, Laura Basuki",Kekonyolan sekelompok pemuda yang terjerat masalah salah paham dan berusaha mencari jalan keluar dengan cara kocak.
Geng Total,2010,Komedi,6.9,647,673875,Fajar Bustomi,"Bryan Domani, Iqbaal Ramadhan, Iko Uwais",Kekonyolan sekelompok pemuda yang terjerat masalah salah paham dan berusaha mencari jalan keluar dengan cara kocak.
Lentera di Batas Kota: Babak 5,2008,Drama,7.0,339,398385,Muhadkly Acho,"Laura Basuki, Slamet Rahardjo","Dilema kehidupan cinta, keluarga, dan pengorbanan batin dalam memperjuangkan impian di tengah realitas sosial."
Hantu Alas Maut,2011,Horor,6.3,749,1209056,Joko Anwar,"Christine Hakim, Pevita Pearce, Shenina Cinnamon",Teror kutukan mistis dan perjanjian gaib mengancam nyawa warga yang melanggar pantangan adat kuno.
Pesugihan Danau Terkutuk,2010,Horor,5.1,440,284607,Charles Gozali,"Jerome Kurnia, Prilly Latuconsina",Teror kutukan mistis dan perjanjian gaib mengancam nyawa warga yang melanggar pantangan adat kuno.
Duka di Balik Jendela: Babak 5,2023,Drama,7.0,438,231581,Yandy Laurens,"Ario Bayu, Iko Uwais, Aghniny Haque","Dilema kehidupan cinta, keluarga, dan pengorbanan batin dalam memperjuangkan impian di tengah realitas sosial."
Melodi di Bumi Rafflesia: Babak 3,2024,Drama,7.1,516,419254,Anggy Umbara,"Refal Hady, Laura Basuki","Dilema kehidupan cinta, keluarga, dan pengorbanan batin dalam memperjuangkan impian di tengah realitas sosial."
Bikin Ribet Part 2: Babak 2,2025,Komedi,6.9,354,354267,Baim Wong,"Shenina Cinnamon, Putri Marino",Kekonyolan sekelompok pemuda yang terjerat masalah salah paham dan berusaha mencari jalan keluar dengan cara kocak.
Rintangan di Bumi Rafflesia: Babak 2,2004,Drama,7.5,609,868376,Guntur Soeharjanto,"Lukman Sardi, Christine Hakim, Dian Sastrowardoyo","Dilema kehidupan cinta, keluarga, dan pengorbanan batin dalam memperjuangkan impian di tengah realitas sosial."
Luka di Balik Jendela: Babak 2,2025,Religi,6.8,177,465304,Bayu Skak,"Lukman Sardi, Iqbaal Ramadhan, Jefri Nichol","Dilema kehidupan cinta, keluarga, dan pengorbanan batin dalam memperjuangkan impian di tengah realitas sosial."
Ritual Pantai Hitam,2017,Horor,5.2,475,333790,Kamila Andini,"Aghniny Haque, Tara Basro",Teror kutukan mistis dan perjanjian gaib mengancam nyawa warga yang melanggar pantangan adat kuno.
Pesugihan Pabrik Hitam,2022,Horor,5.8,536,358492,Hadrah Daeng Ratu,"Adhisty Zara, Jerome Kurnia",Teror kutukan mistis dan perjanjian gaib mengancam nyawa warga yang melanggar pantangan adat kuno.
Hantu Danau Berdarah,2004,Horor,6.8,403,526624,Guntur Soeharjanto,"Prilly Latuconsina, Taskya Namya",Teror kutukan mistis dan perjanjian gaib mengancam nyawa warga yang melanggar pantangan adat kuno.
Piknik Bencana Part 2,2025,Komedi,6.9,354,273600,Ernest Prakasa,"Laura Basuki, Julie Estelle",Kekonyolan sekelompok pemuda yang terjerat masalah salah paham dan berusaha mencari jalan keluar dengan cara kocak.
Perjanjian Makam Jahanam,2010,Horor,7.0,423,272729,Azhar Kinoi Lubis,"Putri Marino, Chicco Jerikho",Teror kutukan mistis dan perjanjian gaib mengancam nyawa warga yang melanggar pantangan adat kuno.
Benteng Terakhir Terakhir,2008,Action,6.7,651,1716497,Nayato Fio Nuala,"Fedi Nuril, Reza Rahadian",Penyelidikan kasus konspirasi kriminal bawah tanah berujung baku tembak sengit dan pertarungan mempertaruhkan nyawa.
Dendam Gua Jahanam,2002,Horor,7.0,223,603103,Baim Wong,"Shenina Cinnamon, Reza Rahadian, Tara Basro",Teror kutukan mistis dan perjanjian gaib mengancam nyawa warga yang melanggar pantangan adat kuno.
Mertua Galak Lagi,2023,Komedi,6.8,316,198929,Azhar Kinoi Lubis,"Putri Marino, Shenina Cinnamon",Kekonyolan sekelompok pemuda yang terjerat masalah salah paham dan berusaha mencari jalan keluar dengan cara kocak.
Pesugihan Pantai Kuno,2010,Horor,6.5,402,786743,Yandy Laurens,"Jefri Nichol, Julie Estelle, Christine Hakim",Teror kutukan mistis dan perjanjian gaib mengancam nyawa warga yang melanggar pantangan adat kuno.
Kacau Total,2023,Komedi,6.1,553,692402,Monty Tiwa,"Julie Estelle, Dian Sastrowardoyo",Kekonyolan sekelompok pemuda yang terjerat masalah salah paham dan berusaha mencari jalan keluar dengan cara kocak.
Cahaya di Balik Jendela,2023,Drama,6.9,174,405638,Hanung Bramantyo,"Vino G. Bastian, Aghniny Haque","Dilema kehidupan cinta, keluarga, dan pengorbanan batin dalam memperjuangkan impian di tengah realitas sosial."
Duka di Sudut Ibu Kota: Babak 3,2006,Drama,7.9,345,479066,Fajar Nugros,"Shenina Cinnamon, Fedi Nuril","Dilema kehidupan cinta, keluarga, dan pengorbanan batin dalam memperjuangkan impian di tengah realitas sosial."
Ngenes Part 2,2023,Komedi,5.7,336,426880,Sidharta Tata,"Marsha Timothy, Vino G. Bastian, Iqbaal Ramadhan",Kekonyolan sekelompok pemuda yang terjerat masalah salah paham dan berusaha mencari jalan keluar dengan cara kocak.
Arwah Desa Iblis,2005,Horor,5.9,729,1104358,Anggy Umbara,"Chelsea Islan, Angga Yunanda",Teror kutukan mistis dan perjanjian gaib mengancam nyawa warga yang melanggar pantangan adat kuno.
Tumbal Lembah Kegelapan,2017,Horor,5.6,298,700853,Sidharta Tata,"Slamet Rahardjo, Marsha Timothy, Jefri Nichol",Teror kutukan mistis dan perjanjian gaib mengancam nyawa warga yang melanggar pantangan adat kuno.
Rintangan di Balik Jendela: Babak 2,2016,Drama,6.7,529,443590,Rudi Soedjarwo,"Aghniny Haque, Dian Sastrowardoyo","Dilema kehidupan cinta, keluarga, dan pengorbanan batin dalam memperjuangkan impian di tengah realitas sosial."
Melodi di Batas Kota: Babak 4,2004,Drama,7.3,409,112614,Fajar Bustomi,"Bryan Domani, Aghniny Haque, Laura Basuki","Dilema kehidupan cinta, keluarga, dan pengorbanan batin dalam memperjuangkan impian di tengah realitas sosial."
Penglaris Pantai Keramat,2012,Horor,6.3,241,452191,Upi Avianto,"Ario Bayu, Julie Estelle, Iqbaal Ramadhan",Teror kutukan mistis dan perjanjian gaib mengancam nyawa warga yang melanggar pantangan adat kuno.
Penglaris Gua Jahanam,2014,Horor,5.6,136,277002,Hanung Bramantyo,"Vino G. Bastian, Prilly Latuconsina",Teror kutukan mistis dan perjanjian gaib mengancam nyawa warga yang melanggar pantangan adat kuno.
Pesugihan Sekolah Kegelapan,2023,Horor,5.8,491,1043225,Ody C. Harahap,"Tara Basro, Putri Marino, Aghniny Haque",Teror kutukan mistis dan perjanjian gaib mengancam nyawa warga yang melanggar pantangan adat kuno.
Janji di Bawah Langit: Babak 2,2026,Drama,6.2,360,169955,Fajar Bustomi,"Pevita Pearce, Joe Taslim","Dilema kehidupan cinta, keluarga, dan pengorbanan batin dalam memperjuangkan impian di tengah realitas sosial."
Mertua Galak Bikin Pusing: Babak 4,2010,Komedi,6.5,408,411770,Baim Wong,"Jerome Kurnia, Nicholas Saputra, Jefri Nichol",Kekonyolan sekelompok pemuda yang terjerat masalah salah paham dan berusaha mencari jalan keluar dengan cara kocak.
Ritual Rumah Keramat,2025,Horor,5.8,514,289479,Fajar Nugros,"Tara Basro, Ario Bayu",Teror kutukan mistis dan perjanjian gaib mengancam nyawa warga yang melanggar pantangan adat kuno.
Teror Sekolah Terkutuk,2019,Horor,6.7,388,306795,Joko Anwar,"Jefri Nichol, Angga Yunanda, Adhisty Zara",Teror kutukan mistis dan perjanjian gaib mengancam nyawa warga yang melanggar pantangan adat kuno.
Penglaris Danau Kegelapan: Babak 3,2010,Horor,4.8,190,231398,Wregas Bhanuteja,"Refal Hady, Tissa Biani, Reza Rahadian",Teror kutukan mistis dan perjanjian gaib mengancam nyawa warga yang melanggar pantangan adat kuno.
Operasi Gagak Sektor 9,2002,Action,7.4,335,257741,Baim Wong,"Refal Hady, Iko Uwais",Penyelidikan kasus konspirasi kriminal bawah tanah berujung baku tembak sengit dan pertarungan mempertaruhkan nyawa.
Lentera di Antara Dua Hati: Babak 4,2003,Drama,6.8,611,833047,Hadrah Daeng Ratu,"Iko Uwais, Taskya Namya","Dilema kehidupan cinta, keluarga, dan pengorbanan batin dalam memperjuangkan impian di tengah realitas sosial."
Konspirasi 88 Jakarta,2010,Action,5.9,256,218030,Kimo Stamboel,"Jefri Nichol, Christine Hakim, Pevita Pearce",Penyelidikan kasus konspirasi kriminal bawah tanah berujung baku tembak sengit dan pertarungan mempertaruhkan nyawa.
Perjanjian Kamar Leluhur: Babak 5,2010,Thriller,6.5,72,43860,Bobby Prasetyo,"Mawar de Jongh, Pevita Pearce","Dilema kehidupan cinta, keluarga, dan pengorbanan batin dalam memperjuangkan impian di tengah realitas sosial."
Geng Abis: Babak 4,2013,Komedi,7.0,444,700340,Ody C. Harahap,"Taskya Namya, Adhisty Zara",Kekonyolan sekelompok pemuda yang terjerat masalah salah paham dan berusaha mencari jalan keluar dengan cara kocak.
Petualangan Si Bolang 2024,2024,Animasi,7.2,380,80695,Fajar Bustomi,"Vino G. Bastian, Tara Basro",Petualangan fantasi penuh warna anak-anak pemberani menjelajahi alam Nusantara untuk menyelamatkan pusaka leluhur.
Tumbal Asrama Menjelang Fajar,2008,Horor,6.7,860,1441398,Charles Gozali,"Reza Rahadian, Lukman Sardi, Marsha Timothy",Teror kutukan mistis dan perjanjian gaib mengancam nyawa warga yang melanggar pantangan adat kuno.
Arwah Gua Terkutuk,2009,Horor,6.2,314,304491,Upi Avianto,"Rio Dewanto, Adhisty Zara, Joe Taslim",Teror kutukan mistis dan perjanjian gaib mengancam nyawa warga yang melanggar pantangan adat kuno.
Geng Keluarga: Babak 2,2014,Komedi,6.3,510,1081975,Ody C. Harahap,"Slamet Rahardjo, Ario Bayu, Putri Marino",Kekonyolan sekelompok pemuda yang terjerat masalah salah paham dan berusaha mencari jalan keluar dengan cara kocak.
Santet Desa Berdarah,2022,Horor,5.2,353,162394,Bayu Skak,"Ario Bayu, Refal Hady",Teror kutukan mistis dan perjanjian gaib mengancam nyawa warga yang melanggar pantangan adat kuno.
Salah Tangkap Bikin Pusing: Babak 2,2022,Komedi,6.1,192,184777,Yandy Laurens,"Aghniny Haque, Julie Estelle, Shenina Cinnamon",Kekonyolan sekelompok pemuda yang terjerat masalah salah paham dan berusaha mencari jalan keluar dengan cara kocak.
Piknik Bencana Total,2013,Komedi,6.1,862,1744956,Wregas Bhanuteja,"Vino G. Bastian, Nicholas Saputra",Kekonyolan sekelompok pemuda yang terjerat masalah salah paham dan berusaha mencari jalan keluar dengan cara kocak.
Dendam Hitam 24 Jam,2005,Action,6.0,466,263911,Riri Riza,"Julie Estelle, Laura Basuki, Tissa Biani",Penyelidikan kasus konspirasi kriminal bawah tanah berujung baku tembak sengit dan pertarungan mempertaruhkan nyawa.
Petualangan Kancil 2017,2017,Animasi,6.9,227,103581,Hadrah Daeng Ratu,"Laura Basuki, Fedi Nuril, Prilly Latuconsina",Petualangan fantasi penuh warna anak-anak pemberani menjelajahi alam Nusantara untuk menyelamatkan pusaka leluhur.
Janji di Antara Dua Hati: Babak 4,2008,Romantis,7.3,80,99133,Charles Gozali,"Refal Hady, Taskya Namya, Vino G. Bastian","Dilema kehidupan cinta, keluarga, dan pengorbanan batin dalam memperjuangkan impian di tengah realitas sosial."
